employee_id,thread,turn_index,question_asked,answer_text,is_skipped,participant_status,is_test
083c9219-1f2b-41da-9994-a987508f0bb0,roskilde-festival-2026,0,"Think back to packing for Roskilde, what did you bring, and where did most of it come from, new, borrowed, or stuff you already had?",Mostly stuff I already had.,False,completed,False
083c9219-1f2b-41da-9994-a987508f0bb0,roskilde-festival-2026,0,"When the festival wraps up, what are you planning to take home, and what'll you leave here? Be honest;)",I'm planning to take everything home.,False,completed,False
083c9219-1f2b-41da-9994-a987508f0bb0,roskilde-festival-2026,0,Do you think waste is a personal or festival responsibility?,It's a shared responsibility. The festival needs to make waste easy to get rid of and each person needs to get rid of it in a responsible way.,False,completed,False
083c9219-1f2b-41da-9994-a987508f0bb0,roskilde-festival-2026,1,"Shared responsibility makes sense,  what's one thing the festival could do to make ""responsible"" actually easy in that last hectic hour of pack-up?",Make places to get rid of your trash readily available.,False,completed,False
083c9219-1f2b-41da-9994-a987508f0bb0,roskilde-festival-2026,2,"More drop-off points totally makes sense,  what kind of stuff do you think people most struggle to get rid of in that last rush?",I would get stuff that's composed of multiple elements that do not go well into a specific bin of either cardboard or metal.,False,completed,False
083c9219-1f2b-41da-9994-a987508f0bb0,roskilde-festival-2026,3,Anything else about gear or waste at Roskilde that you think people don't talk about enough?,Nope.,False,completed,False
1100c185-c142-4536-8b6e-444e813ddd3f,roskilde-festival-2026,0,"When the festival wraps up, what are you planning to take home, and what'll you leave here? Be honest;)",My wife,False,completed,False
1100c185-c142-4536-8b6e-444e813ddd3f,roskilde-festival-2026,0,"Think back to packing for Roskilde, what did you bring, and where did most of it come from, new, borrowed, or stuff you already had?","Come from New York or stuff. Yeah, just, you can talk. From whom?",False,completed,False
1100c185-c142-4536-8b6e-444e813ddd3f,roskilde-festival-2026,0,Do you think waste is a personal or festival responsibility?,"That's everyone's responsibility. So you guys really, really need to focus on that.",False,completed,False
1100c185-c142-4536-8b6e-444e813ddd3f,roskilde-festival-2026,1,What makes you say we really need to focus on that?,"Because not enough people focus on that. That is really important for the planet and for the climate. So please guys, do it.",False,completed,False
1100c185-c142-4536-8b6e-444e813ddd3f,roskilde-festival-2026,2,So what’s one thing the festival could do to make that easier for people?,"I don't know, more trash can. Yeah, I'd say that's an easy answer, but I don't know.",False,completed,False
1100c185-c142-4536-8b6e-444e813ddd3f,roskilde-festival-2026,3,Anything else you’d want the festival to know?,"No, that's all good. Thank you.",False,completed,False
166e7f26-2f39-4f54-8465-614c8c3b6292,roskilde-festival-2026,0,"When the festival wraps up, what are you planning to take home, and what'll you leave here? Be honest;)",I probably will pack everyhting since its not mine,False,completed,False
166e7f26-2f39-4f54-8465-614c8c3b6292,roskilde-festival-2026,0,Do you think waste is a personal or festival responsibility?,Personal,False,completed,False
166e7f26-2f39-4f54-8465-614c8c3b6292,roskilde-festival-2026,0,"Think back to packing for Roskilde, what did you bring, and where did most of it come from, new, borrowed, or stuff you already had?",I borrow everything. All my stuff was burned last year,False,completed,False
166e7f26-2f39-4f54-8465-614c8c3b6292,roskilde-festival-2026,1,"When you see abandoned tents around you, what's your gut feeling about where that stuff actually ends up?",Trashhhhhhh,False,completed,False
166e7f26-2f39-4f54-8465-614c8c3b6292,roskilde-festival-2026,2,"Straight to trash, no sugarcoating,  do your friends who own their gear think the same, or do they tell themselves a different story?",No I think they are much nore conscious,False,completed,False
166e7f26-2f39-4f54-8465-614c8c3b6292,roskilde-festival-2026,3,Anything else about gear or waste at Roskilde that you think people don't talk about enough?,No,False,completed,False
18b4afbc-9fad-4bb0-a06f-fa0fae7b69ac,roskilde-festival-2026,0,"Think back to packing for Roskilde, what did you bring, and where did most of it come from, new, borrowed, or stuff you already had?","I actually didn't bring a tent or a sleeping mat or anything of sleeping bag. I literally just brought like food, clothing stuff. So very, very little. I'm sleeping in the tent of a friend. So I'm very lightweight.",False,completed,False
18b4afbc-9fad-4bb0-a06f-fa0fae7b69ac,roskilde-festival-2026,0,"When the festival wraps up, what are you planning to take home, and what'll you leave here? Be honest;)","Yeah, I'm actually bringing everything of what I brought here also back. Only at the festival I will buy cans and stuff, so all the beer that I consume and also a plastic bag, I'm holding one just in my hand. That stuff I will for sure leave here. Food-wise, maybe napkins that I buy with my food and packaging, but no infrastructure stuff. None of that I will leave here. I didn't bring it in the first place.",False,completed,False
18b4afbc-9fad-4bb0-a06f-fa0fae7b69ac,roskilde-festival-2026,0,Do you think waste is a personal or festival responsibility?,"Very much a festival responsibility of both. I guess there is a big part on the festival for providing infrastructure and incentivizing a culture around sustainability. But then often individuals try to go the easiest way. So individuals also by regulation from the festivals that needs to be nudged in the right direction. And I personally, for instance, also often have the difficulty. And if I'm in the middle of a party, not seeing a trash can. And there, then I need to throw my beer can on the ground, spit my chewing gum on the ground, little things like that. At least for infrastructure stuff like tents and sleeping mats, I've never left anything behind or made a bad experience myself with that.",False,completed,False
18b4afbc-9fad-4bb0-a06f-fa0fae7b69ac,roskilde-festival-2026,1,"So you've never left gear behind, but have you ever seen others do it and wondered why?","I actually have never seen others leave gear behind. I have only heard that now with the Roskilde Festival. That's apparently that bad. But I'm also not really a festival goer. So gear behind was not really before this festival here. A topic that I heard being a problem, I always of course knew about like normal garbage, like plastic bags and cans and stuff. But gear, I didn't know that people actually like used one-way gear to support the first festival. It broke during the festival and they left it and that was intentional. That was quite new to me and also quite shocking, being honest.",False,completed,False
18b4afbc-9fad-4bb0-a06f-fa0fae7b69ac,roskilde-festival-2026,2,"Oh wow, that’s surprising. What do you think the festival could do to stop that from happening?","I mean, I'm aware that Roskilde Festival is already regulating to certain types of tents, not being broad, the type of one-way tent that is a one-way tent. Otherwise, I guess they could request subsidies from state organizations for buying themselves camping gear and renting it out. Especially if there's kind of a collaboration of multiple festivals, the camping gear could be used over the whole summer. So every camp goer doesn't need to bring their own stuff. Also, they could provide it already built up. Yes, that comes at a higher cost of personal effort, like personnel, so people working at the festival. But I was always a big fan of glamping, glamorous camping. And already have a bit of a nicer venue where I go to, not too dirty of a camp, and then everything is also taken care of. So that seems a bit more comfortable and will for sure be more sustainable in less one way. Won't be that great for this amount of people, like 90,000 people, but worth considering nevertheless.",False,completed,False
18b4afbc-9fad-4bb0-a06f-fa0fae7b69ac,roskilde-festival-2026,3,Any other ideas you think would help with the gear waste?,"Maybe also Roskilde could go into collaboration with gear rental or outdoor stores in general. I haven't seen a single outdoor store for gear here on the campground, even though it's a big topic. So why doesn't Decathlon help the festival to organize their stuff? And get people an accommodation. And possibly also people in the city of Roskilde, couldn't they also host some people? Like as I understood, the big topic is tents and sleeping beds. Aren't there enough couch surfing opportunities somewhere around? If it's really only around the infrastructure, that would be okay. And by a building, like in Dream City, I've heard people have a year ahead of time access. Can they just build pavilions where people can camp underneath? At least some enough. So you don't need to have a one-way pavilion. That would be open topics and open ideas.",False,completed,False
1e2203f3-a335-4a69-b158-eb35bba385d4,roskilde-festival-2026,0,Do you think waste is a personal or festival responsibility?,No.,False,completed,False
1e2203f3-a335-4a69-b158-eb35bba385d4,roskilde-festival-2026,0,"When the festival wraps up, what are you planning to take home, and what'll you leave here? Be honest;)",Bye bye Miss American Pie So much have it to the left Cause my levy was dry Them good old boys were drinking whiskey and rye Saying this will be the day that I die,False,completed,False
1e2203f3-a335-4a69-b158-eb35bba385d4,roskilde-festival-2026,0,"Think back to packing for Roskilde, what did you bring, and where did most of it come from, new, borrowed, or stuff you already had?",Bye bye Miss American Pie Drove my Chevy to the levee Cause my levee was out Them good old boys were drinking whiskey and rye Saying this will be the day that I die This will be the day that I die,False,completed,False
1e2203f3-a335-4a69-b158-eb35bba385d4,roskilde-festival-2026,1,"What happens to the stuff you leave behind,  do you figure someone picks it up, or does it just not cross your mind?",Someone will definitely pick it up.,False,completed,False
1e2203f3-a335-4a69-b158-eb35bba385d4,roskilde-festival-2026,2,"Who do you picture picking it up,  another camper, or festival staff?",Someone else than me.,False,completed,False
1e2203f3-a335-4a69-b158-eb35bba385d4,roskilde-festival-2026,3,"So basically, as long as it's not your problem anymore,  is there anything Roskilde could do that'd actually make you pack your stuff out?",Расприз.,False,completed,False
26b5e812-8c74-471c-be92-53e42fee4882,roskilde-festival-2026,0,"Think back to packing for Roskilde, what did you bring, and where did most of it come from, new, borrowed, or stuff you already had?","Honestly, I haven't camped in a long time, so I got everything from Decathlon.",False,completed,False
26b5e812-8c74-471c-be92-53e42fee4882,roskilde-festival-2026,0,Do you think waste is a personal or festival responsibility?,"I think first and foremost, personal responsibility. But I do think that as a festival, you need to understand that stuff happens. Not everyone feels that same responsibility. So there definitely needs to be measures in place to make sure that after a festival, everything is left as it was before.",False,completed,False
26b5e812-8c74-471c-be92-53e42fee4882,roskilde-festival-2026,0,"When the festival wraps up, what are you planning to take home, and what'll you leave here? Be honest;)","Well, obviously I'm going to try to take everything with me. I mean, there's always some trash that gets left behind, but yeah, maybe some like degradable, biodegradable food.",False,completed,False
26b5e812-8c74-471c-be92-53e42fee4882,roskilde-festival-2026,1,"Personal responsibility first,  love that. What's one thing Roskilde could do to make it easier for people to actually take their gear home?","I mean, a lot of different ways you can go about answering this question. Of course, you can include some type of incentive. But you can also, what's the word for the opposite when it's like a punishment based thing? So like if you leave something behind, you know, there's like a consequence. Or maybe like sorting boxes, some place that people can throw it and doesn't, they don't have to like carry it home, something like that. I don't know.",False,completed,False
26b5e812-8c74-471c-be92-53e42fee4882,roskilde-festival-2026,2,"Sorting boxes idea is interesting,  what would make you actually use one rather than just leaving stuff at your pitch?","Well, I don't think anyone wants to purposely litter or leave stuff behind. I just think sometimes after like a five day, one week festival, like the idea of carrying a tent home just feels like too much of a burden. So I think if there are sorting boxes, you just offer like an easy solution for people to end. Not have to carry all their stuff, but also not be horrible and litter.",False,completed,False
26b5e812-8c74-471c-be92-53e42fee4882,roskilde-festival-2026,3,"So basically it's about making doing the right thing feel effortless,  is there anything else about this you think we're missing?",No.,False,completed,False
2845675a-a09f-4963-a41a-f6c9c121a145,roskilde-festival-2026,0,"When the festival wraps up, what are you planning to take home, and what'll you leave here? Be honest;)",I will bring everything home with me.,False,completed,False
2845675a-a09f-4963-a41a-f6c9c121a145,roskilde-festival-2026,0,Do you think waste is a personal or festival responsibility?,I think it is both.,False,completed,False
2845675a-a09f-4963-a41a-f6c9c121a145,roskilde-festival-2026,0,"Think back to packing for Roskilde, what did you bring, and where did most of it come from, new, borrowed, or stuff you already had?","It was stuff I already had, but also some stuff I bought.",False,completed,False
2845675a-a09f-4963-a41a-f6c9c121a145,roskilde-festival-2026,1,"When you see tents or chairs left behind by others, what do you reckon goes through their heads?",完全不太好,False,completed,False
2845675a-a09f-4963-a41a-f6c9c121a145,roskilde-festival-2026,2,What makes it easier for you to pack everything up compared to the people leaving stuff behind?,"If I don't, they won't let me come back and stay in the same place, which I think works very well.",False,completed,False
2845675a-a09f-4963-a41a-f6c9c121a145,roskilde-festival-2026,3,"That's a smart system,  accountability really does the trick. Is there anything the festival could do to make it even easier for everyone to pack up and leave less behind?","Probably, but I don't have any good ideas. I'm not an engineer.",False,completed,False
2c73f914-cfad-4639-9b99-7e501dda5368,roskilde-festival-2026,0,"Think back to packing for Roskilde, what did you bring, and where did most of it come from, new, borrowed, or stuff you already had?",Mostly borrowed stuff. I live in a nice commune,False,completed,False
2c73f914-cfad-4639-9b99-7e501dda5368,roskilde-festival-2026,0,"When the festival wraps up, what are you planning to take home, and what'll you leave here? Be honest;)",Ill probably leave some food or even a t shirt. The tent comes with me,False,completed,False
2c73f914-cfad-4639-9b99-7e501dda5368,roskilde-festival-2026,0,Do you think waste is a personal or festival responsibility?,Both,False,completed,False
2c73f914-cfad-4639-9b99-7e501dda5368,roskilde-festival-2026,1,"Both makes sense,  what's one thing the festival could actually do to make it easier for you to do your part?",It could perhaps be nice if they would help with hand in point if tents are broken,False,completed,False
2c73f914-cfad-4639-9b99-7e501dda5368,roskilde-festival-2026,2,"A hand-in point for broken gear is a cool idea,  what would make you actually walk over and use it instead of just leaving the tent where it is?","Hmm, tough one. I think a free water would help",False,completed,False
2c73f914-cfad-4639-9b99-7e501dda5368,roskilde-festival-2026,3,Anything else about gear or waste at Roskilde that you think people don't talk about enough?,Idk,False,completed,False
2d3c5834-8b43-45c4-bfd2-c21dfc44678d,roskilde-festival-2026,0,"When the festival wraps up, what are you planning to take home, and what'll you leave here? Be honest;)","We'll bring home everything. We've done that for a lot of years. We rented our pavilions. Pavilions? I don't know. Yeah, pavilions. And, yeah. We'll bring everything, like, not our trash, but we have, you know, bags for that. We live in Leave No Trace, and we have bags for plastic and food and stuff like that. So, yeah, we'll not bring that home, but everything else, oh. Oh, is it still recording? Okay, I hope you got my answer.",False,completed,False
2d3c5834-8b43-45c4-bfd2-c21dfc44678d,roskilde-festival-2026,0,Do you think waste is a personal or festival responsibility?,"Both, definitely. I think Roskilde has very good opportunities to, you know, get picked up or take good transportation. So it's easy to carry your stuff just outside of the camping area and then get on some kind of public transport and then get home or get picked up by a taxi or a parent if you're lucky like that. Yeah, so I think it's both. It's our responsibility to take care of our stuff and it's the festival's responsibility to make sure that we are able to bring things home after a week of paddling.",False,completed,False
2d3c5834-8b43-45c4-bfd2-c21dfc44678d,roskilde-festival-2026,0,"Think back to packing for Roskilde, what did you bring, and where did most of it come from, new, borrowed, or stuff you already had?","Most of my things was stuff that I had been collecting through the years. This is my 10th year at Røskilde, so I'm experienced. Yeah, so I know how to take my stuff home and then... I bring my clothes and my gear. My chair is from last year and the year before that. And the tent is new, but we've been going with the same tent for lots of years. So it was time for a new one. Yeah, and that's, yeah.",False,completed,False
2d3c5834-8b43-45c4-bfd2-c21dfc44678d,roskilde-festival-2026,1,"Love that ""week of paddling"" image,  so what's the one thing the festival could do to make it even easier for first-timers to bring everything home?","Yeah, that's a good question, but maybe like some like shuffle, small shuffle buses into the camping area. So, yeah, so if you live in the middle of everything, you don't have to walk a long way to go to like the outside of the camping site.",False,completed,False
2d3c5834-8b43-45c4-bfd2-c21dfc44678d,roskilde-festival-2026,2,"Shuttle buses into the camp itself,  smart. Have you ever seen someone near you leave gear behind, and what did they say about it?","No, we've been living in Leave No Trace for five years at this point. And before that we lived in Clean Out Loud. So, yeah, but, you know, in the P, where all the teenagers live, there's a lot of people leaving stuff behind. But not where we stay because we actively seeked and wanted to live somewhere where we brought everything home.",False,completed,False
2d3c5834-8b43-45c4-bfd2-c21dfc44678d,roskilde-festival-2026,3,"Sounds like you're basically a veteran at this,  is there anything else about the waste or gear situation at Roskilde you think people miss?","No, that was it. Thank you so much.",False,completed,False
2dc4e631-1b98-474b-9fa2-d21e38ec6bee,roskilde-festival-2026,0,,Yes burn the shit,False,completed,False
2dc4e631-1b98-474b-9fa2-d21e38ec6bee,roskilde-festival-2026,0,,I am not taking anything back it all stays,False,completed,False
2dc4e631-1b98-474b-9fa2-d21e38ec6bee,roskilde-festival-2026,0,,"I brought tents and camping chairs, all new",False,completed,False
2dc4e631-1b98-474b-9fa2-d21e38ec6bee,roskilde-festival-2026,1,"Ha, fair enough! What made you decide upfront that nothing was coming home?",Too much of a hassle,False,completed,False
2dc4e631-1b98-474b-9fa2-d21e38ec6bee,roskilde-festival-2026,2,Totally get that. Is there anything else about the gear or waste setup here that you think Roskilde should know?,Yes maybe it would be nice to rent your gear,False,completed,False
340191bb-8550-42b7-82f3-321dd76ee579,roskilde-festival-2026,0,"Think back to packing for Roskilde, what did you bring, and where did most of it come from, new, borrowed, or stuff you already had?",Stuff you already had.,False,completed,False
340191bb-8550-42b7-82f3-321dd76ee579,roskilde-festival-2026,0,Do you think waste is a personal or festival responsibility?,"Dag, Diel.",False,completed,False
340191bb-8550-42b7-82f3-321dd76ee579,roskilde-festival-2026,0,"When the festival wraps up, what are you planning to take home, and what'll you leave here? Be honest;)","Most of it, all of it.",False,completed,False
340191bb-8550-42b7-82f3-321dd76ee579,roskilde-festival-2026,1,"Shared responsibility, nice,  so what's one thing Roskilde could do to make packing up easier for you?",I don't believe in God's something.,False,completed,False
340191bb-8550-42b7-82f3-321dd76ee579,roskilde-festival-2026,2,"Haha fair enough,  so if packing up felt like a pain, what's the biggest hassle: carrying it, it being wet, or something else?","Carrying it, but it's not a problem.",False,completed,False
340191bb-8550-42b7-82f3-321dd76ee579,roskilde-festival-2026,3,Anything else about gear or waste at Roskilde that you think people don't talk about enough?,Аугист.,False,completed,False
3561910e-4237-430f-b41a-8d361a258f95,roskilde-festival-2026,1,What's the first thing you packed when getting ready for Roskilde?,Beers,False,completed,False
3561910e-4237-430f-b41a-8d361a258f95,roskilde-festival-2026,2,"Ha, classic! Did you bring them in cans, bottles, or something else?",Cans,False,completed,False
3561910e-4237-430f-b41a-8d361a258f95,roskilde-festival-2026,3,And what did you do with the empty cans once you'd finished them?,Haven’t finished them yet,False,completed,False
3561910e-4237-430f-b41a-8d361a258f95,roskilde-festival-2026,4,"When you do finish them, where do you think they'll end up?",In the camp,False,completed,False
3561910e-4237-430f-b41a-8d361a258f95,roskilde-festival-2026,5,Is there anything about waste at Roskilde you wish the festival did differently?,It sucks,False,completed,False
495f864d-a89d-438b-a203-9228550f0dc7,roskilde-festival-2026,1,What's the first thing you packed when getting ready for Roskilde?,My tent,False,completed,False
495f864d-a89d-438b-a203-9228550f0dc7,roskilde-festival-2026,2,"Love that,  the tent is essential! Is there anything else about waste at Roskilde you'd want festival organizers to know?",No,False,completed,False
5ad1659a-ef69-410a-bf2e-b07e392d61d6,roskilde-festival-2026,0,Do you think waste is a personal or festival responsibility?,Beggedeale,False,completed,False
5ad1659a-ef69-410a-bf2e-b07e392d61d6,roskilde-festival-2026,0,"When the festival wraps up, what are you planning to take home, and what'll you leave here? Be honest;)","Jeg skal have alt med hjem, fordi i år har jeg prioriteret kvalitätsvarer, så det ikke går i stykker. Og også nu, hvor man er blevet ældre, så har man mere rød til bedre ting.",False,completed,False
5ad1659a-ef69-410a-bf2e-b07e392d61d6,roskilde-festival-2026,0,"Think back to packing for Roskilde, what did you bring, and where did most of it come from, new, borrowed, or stuff you already had?","Mest af det har jeg fået fra Normal og fra Hanne Nyborg. Rigtig meget af det er nyt, fordi tingene er blevet rigtig klamme fra sidste år. Teltet har vi genbrukt.",False,completed,False
5ad1659a-ef69-410a-bf2e-b07e392d61d6,roskilde-festival-2026,1,"Both sides, fair enough,  what's one thing Roskilde could do to make it easier for people to actually bring their stuff home?","Jeg synes, det med at man nu skal leje paviljoner og snede er en god ting og måske noget man kunne gøre mere af.",False,completed,False
5ad1659a-ef69-410a-bf2e-b07e392d61d6,roskilde-festival-2026,2,"Rental gear makes sense,  hvad ville få dig til at leje frem for at købe billigt nyt?",Selvfølgelig er det billigere og nemmere at få færdig på fiskerekspressen.,False,completed,False
5ad1659a-ef69-410a-bf2e-b07e392d61d6,roskilde-festival-2026,3,"Sidste spørgsmål: er der noget om gear eller affald her på Roskilde, som vi slet ikke har snakket om, men som du synes er vigtigt?",买这是谁,False,completed,False
6168657e-0496-4ae1-bb7a-46fed687addf,roskilde-festival-2026,0,Do you think waste is a personal or festival responsibility?,Both,False,completed,False
6168657e-0496-4ae1-bb7a-46fed687addf,roskilde-festival-2026,0,"Think back to packing for Roskilde, what did you bring, and where did most of it come from, new, borrowed, or stuff you already had?",I borrowed most of it from my mom,False,completed,False
6168657e-0496-4ae1-bb7a-46fed687addf,roskilde-festival-2026,0,"When the festival wraps up, what are you planning to take home, and what'll you leave here? Be honest;)",Yes i will take it all home or else my mom will be mad,False,completed,False
6168657e-0496-4ae1-bb7a-46fed687addf,roskilde-festival-2026,1,"Ha, fair enough,  mum's a good motivator! What do you reckon your neighbours here will do with their stuff when they leave?",They will leave it behind,False,completed,False
6168657e-0496-4ae1-bb7a-46fed687addf,roskilde-festival-2026,2,And what do you think happens to all that stuff after the festival clears out?,The will burn it,False,completed,False
6168657e-0496-4ae1-bb7a-46fed687addf,roskilde-festival-2026,3,Anything else about the waste situation here that you think Roskilde should know?,Yes they should force people to register their tents and check if they have it with them when they leave,False,completed,False
63a75167-0906-4beb-b23e-054f0814453a,roskilde-festival-2026,0,"Think back to packing for Roskilde, what did you bring, and where did most of it come from, new, borrowed, or stuff you already had?","I rented all my stuff, super nice new service they have",False,completed,False
63a75167-0906-4beb-b23e-054f0814453a,roskilde-festival-2026,0,"When the festival wraps up, what are you planning to take home, and what'll you leave here? Be honest;)",I will not take anything home,False,completed,False
63a75167-0906-4beb-b23e-054f0814453a,roskilde-festival-2026,0,Do you think waste is a personal or festival responsibility?,Festival for sure,False,completed,False
63a75167-0906-4beb-b23e-054f0814453a,roskilde-festival-2026,1,"Since you're leaving the rental gear here, do you know what happens to it after you drop it off?",Yeah they will maybe reuse it,False,completed,False
63a75167-0906-4beb-b23e-054f0814453a,roskilde-festival-2026,2,"And if they can't reuse it, what do you reckon actually happens to it?",Don’t know,False,completed,False
63a75167-0906-4beb-b23e-054f0814453a,roskilde-festival-2026,3,Anything else about gear or waste here that you wish the festival knew?,They are so bad,False,completed,False
63cd6d33-db73-49d2-bf0e-8a4c708a82d9,roskilde-festival-2026,0,"When the festival wraps up, what are you planning to take home, and what'll you leave here? Be honest;)",I'm going to take home all the cigarettes that I smoke because I know that they are really gross.,False,completed,False
63cd6d33-db73-49d2-bf0e-8a4c708a82d9,roskilde-festival-2026,0,Do you think waste is a personal or festival responsibility?,"I think definitely it's a collective responsibility, but it needs infrastructure to be realistic.",False,completed,False
63cd6d33-db73-49d2-bf0e-8a4c708a82d9,roskilde-festival-2026,0,"Think back to packing for Roskilde, what did you bring, and where did most of it come from, new, borrowed, or stuff you already had?",I only bought one pair of trousers because I was only going to stay here one night.,False,completed,False
63cd6d33-db73-49d2-bf0e-8a4c708a82d9,roskilde-festival-2026,1,"Love that,  ""infrastructure to make it realistic."" What's one thing that would've actually made it easier for you to pack out your stuff today?","Okay, so there's a lot of containers, or some containers out here, but I think there should be more, and it should be more visible, it should be more clear what's for plastic, what's for blah blah blah, so people could easily sort their trash.",False,completed,False
63cd6d33-db73-49d2-bf0e-8a4c708a82d9,roskilde-festival-2026,2,"Clearer sorting makes sense,  have you actually spotted any of those containers this trip, or did they kind of blend into the chaos?","Yes, I spotted some of them. I do every year, but there's not that many, and it's not really divided into plastic and trash and, you know. So I think that could be better.",False,completed,False
63cd6d33-db73-49d2-bf0e-8a4c708a82d9,roskilde-festival-2026,3,Anything else about the waste setup here that Roskilde should know?,"No, I think that this is such a great initiative and I really love to support it. And these guys are the best in the whole world, so thank you.",False,completed,False
6d899248-7d1f-4f81-b9f4-d2de59a2da78,roskilde-festival-2026,0,"Think back to packing for Roskilde, what did you bring, and where did most of it come from, new, borrowed, or stuff you already had?",Stuff I already have.,False,completed,False
6d899248-7d1f-4f81-b9f4-d2de59a2da78,roskilde-festival-2026,0,Do you think waste is a personal or festival responsibility?,"Primarily for the guests, but it's a mutual to get it away on the festival.",False,completed,False
6d899248-7d1f-4f81-b9f4-d2de59a2da78,roskilde-festival-2026,0,"When the festival wraps up, what are you planning to take home, and what'll you leave here? Be honest;)",I'll bring home everything that isn't broken.,False,completed,False
6d899248-7d1f-4f81-b9f4-d2de59a2da78,roskilde-festival-2026,1,"So guests carry most of it,  what's the hardest part of actually packing up and hauling everything out?",The buses that won't allow big packs so when you have a wagon or stuff on wheels you can't bring it into the buses. Which is weird when you brought it out here. You should be able to get it home as well.,False,completed,False
6d899248-7d1f-4f81-b9f4-d2de59a2da78,roskilde-festival-2026,2,"That bus rule sounds genuinely frustrating,  has that ever actually stopped you from taking something home?","Yes, last year I left a full wagon of all sorts of crap due to the bus saying that I was not allowed to bring it on.",False,completed,False
6d899248-7d1f-4f81-b9f4-d2de59a2da78,roskilde-festival-2026,3,"That wagon story is a perfect example,  is there anything else Roskilde could do to make it easier to actually get your stuff home?",Yes.,False,completed,False
6e96cf0b-2cbd-4104-be6e-d16e8e5940c2,roskilde-festival-2026,0,Do you think waste is a personal or festival responsibility?,"I think it's definitely both, right? I mean, of course I have a personal responsibility for my waste, but since the festival provides the infrastructure, they should also support me in doing the best possible choice.",False,completed,False
6e96cf0b-2cbd-4104-be6e-d16e8e5940c2,roskilde-festival-2026,0,"Think back to packing for Roskilde, what did you bring, and where did most of it come from, new, borrowed, or stuff you already had?","Yeah, so for this Roskilde Festival I brought a tent, a sleeping mat and also a sleeping bag. A lot of it was something that I actually already have or either borrowed.",False,completed,False
6e96cf0b-2cbd-4104-be6e-d16e8e5940c2,roskilde-festival-2026,0,"When the festival wraps up, what are you planning to take home, and what'll you leave here? Be honest;)","I will take all of it home. Super, very nice gear that I have with me. So, shouldn't go to waste. I really hope that people will not jump my tent, as they sometimes do.",False,completed,False
6e96cf0b-2cbd-4104-be6e-d16e8e5940c2,roskilde-festival-2026,1,"Love that framing of ""support me in doing the best possible choice"",  what's one thing Roskilde could actually do to make that easier?",I do think what they're already doing right now to make me be able to rent my stuff is super nice. So I think they should definitely keep that path going. We'd love to stay in Glambington as well.,False,completed,False
6e96cf0b-2cbd-4104-be6e-d16e8e5940c2,roskilde-festival-2026,2,Glambington sounds like the dream! What's the one thing stopping you from booking it next time?,"It's definitely a bit expensive, so that's why I'm not gonna do that. But maybe if I make a fortune selling Bradley, I should definitely consider doing the glamping sun.",False,completed,False
6e96cf0b-2cbd-4104-be6e-d16e8e5940c2,roskilde-festival-2026,3,Anything else about gear or waste at Roskilde that you think people don't talk about enough?,Maybe they don't talk enough about the fact that actually you rely on a lot of cheap labor from a lot of people going around cleaning. So a lot of people don't think it's their responsibility when you just have homeless people collecting cans for them. It's almost like a luxury festival.,False,completed,False
8745131b-4a35-4fbe-8e51-193e749d43a9,roskilde-festival-2026,0,"When the festival wraps up, what are you planning to take home, and what'll you leave here? Be honest;)","I only plan on bringing home my tent, my sleeping bag, my mattress and the clothes that I bring. That's pretty much the only solid things that I plan on bringing home. But other than that, all the rest of the stuff is consumable.",False,completed,False
8745131b-4a35-4fbe-8e51-193e749d43a9,roskilde-festival-2026,0,"Think back to packing for Roskilde, what did you bring, and where did most of it come from, new, borrowed, or stuff you already had?","I packed the tent and I packed sleeping bags and all the big stuff, something I had beforehand. And then all the more usable stuff, like the more consumable stuff, something I bought out in the city. So I bought a sprayer for the camp. And I bought a tarp. And I bought food. Different places. And I always seem to lose my football. So I also bought that. Well, I actually didn't this time, but usually I do.",False,completed,False
8745131b-4a35-4fbe-8e51-193e749d43a9,roskilde-festival-2026,0,Do you think waste is a personal or festival responsibility?,"100% a festival responsibility because I wouldn't be buying this stuff without the festival. So in my mind... Bye, bye, Mr. Man. American buy. Rah, rah, rah. No, festival responsibility definitely. Because I wouldn't have all the... I wouldn't have all the things that I have today if I hadn't planned for going on a festival. So definitely festival.",False,completed,False
8745131b-4a35-4fbe-8e51-193e749d43a9,roskilde-festival-2026,1,"Since you see it as the festival's responsibility,  what's one thing Roskilde could actually do to make that easier for you?","Garbage sorting, I think, at the end of the festival. Kind of like they already do, but that's definitely the right direction because I would like to just hand in all the trash that I have for them to collect because otherwise I'll just throw it out elsewhere. So if they sort it and they collect it and they dispose of it in a proper way, then I think it's the most responsible way to take care of it.",False,completed,False
8745131b-4a35-4fbe-8e51-193e749d43a9,roskilde-festival-2026,2,"So when you picture ""handing it in"",  is there a specific spot or moment you'd want that to happen?","I think it should be the last Saturday or the Sunday after the music because that's when people leave. And that should be it. Bye, bye, Mr. Include that in the results, please.",False,completed,False
8745131b-4a35-4fbe-8e51-193e749d43a9,roskilde-festival-2026,3,Anything else about the gear or waste situation here that you think people don't talk about enough?,"I think people should be able to buy stuff that was left behind from last, like previous years. So that if I had to go on Roskilde Festival, I would be able to buy a tent that was left last year for a very favorable price. I think that would be good.",False,completed,False
90d77089-f336-4a9b-9885-b3b24187d5f8,roskilde-festival-2026,0,"Think back to packing for Roskilde, what did you bring, and where did most of it come from, new, borrowed, or stuff you already had?","Most of my things came from stuff that I already had and that I've used before. Some things I had to upgrade because it was broken, so I had to buy new stuff. But I would only buy it if I needed new stuff or I borrow stuff.",False,completed,False
90d77089-f336-4a9b-9885-b3b24187d5f8,roskilde-festival-2026,0,"When the festival wraps up, what are you planning to take home, and what'll you leave here? Be honest;)","I'm bringing everything home. There's nothing that I would leave here. Yeah, I reuse all of the things I have and yeah.",False,completed,False
90d77089-f336-4a9b-9885-b3b24187d5f8,roskilde-festival-2026,0,Do you think waste is a personal or festival responsibility?,"I think it's both. I think it's great that they have, they give the opportunity or the possibility to rent tents and mattresses in Pavlionga. I think that's really great. But I also think that it is a personal responsibility to some certain extent. I think that every person who comes here has, you know, time to figure out what to bring, how to bring it, borrow stuff, reuse things, take them back home, even though that you don't want to on the last day. But I think that it's, yeah, also a personal responsibility. But I mean, I've seen that, you know, get a tent and renting mattresses and stuff has been sold out. So maybe if they made it even, you know, even more accessible or had even more stuff to rent, that could also be great.",False,completed,False
90d77089-f336-4a9b-9885-b3b24187d5f8,roskilde-festival-2026,1,"You mentioned the rental stuff selling out,  what would make you actually book it in advance next time?","I mean, just being accessible, actually, or the possibility for it to be an opportunity to book because it was sold out. Yeah. Because I did check pretty early on, but it was pretty quickly that it disappeared. But I don't know, maybe just be even better in time. I didn't even know that I was going to be camping here until like a month ago. But yeah. Yeah, I've been reusing myself for such a long time. So, yeah.",False,completed,False
90d77089-f336-4a9b-9885-b3b24187d5f8,roskilde-festival-2026,2,"Since you only knew a month out, how did you actually sort your gear that fast?","Because I've already had stuff for the past, I've been reusing my things for the past 15 years. So again, it's only the stuff that really breaks and I need new things for. Yeah, that I would buy or borrow.",False,completed,False
90d77089-f336-4a9b-9885-b3b24187d5f8,roskilde-festival-2026,3,15 years of reuse is impressive! Is there anything the festival could do that would actually make a difference to how people handle their gear?,"No, I mean, besides being able to rent, you know, a tent or get a tent or rent a mattress and all that stuff, I don't really see it being easier. In either case, you're going onto a field and you need to bring all your shit here. Sorry, all your stuff here. And that's just part of the charm, you know? Like, you just need to... Model through. It's not the festival's fault that it's, you know, an Olga having to bring out all of your stuff. So, yeah. I think the festival has done an impressive job. I think they've continuously... Been trying to make it less wasteful and more sustainable, even with like banning glass now and You're able to rent the pavilions and the big areas with leave no trays, clean out loud, silent and clean, all that stuff. Yeah. I think they're doing a pretty good job, actually.",False,completed,False
921dd605-ac7b-4874-8296-1f03c84dec9a,roskilde-festival-2026,0,"When the festival wraps up, what are you planning to take home, and what'll you leave here? Be honest;)",Everything that isn't broken.,False,completed,False
921dd605-ac7b-4874-8296-1f03c84dec9a,roskilde-festival-2026,0,Do you think waste is a personal or festival responsibility?,I think it's a joint responsibility.,False,completed,False
921dd605-ac7b-4874-8296-1f03c84dec9a,roskilde-festival-2026,0,"Think back to packing for Roskilde, what did you bring, and where did most of it come from, new, borrowed, or stuff you already had?",Спасибо.,False,completed,False
921dd605-ac7b-4874-8296-1f03c84dec9a,roskilde-festival-2026,1,"Joint responsibility is interesting,  what's one thing the festival could actually do to make it easier for you to take gear home?",Provide like repair kits so more things could be fixed before we leave.,False,completed,False
921dd605-ac7b-4874-8296-1f03c84dec9a,roskilde-festival-2026,2,"Repair kits is a cool idea,  what kind of gear breaks most often for you here?",Sippers and tents and stuff like that and then chairs.,False,completed,False
921dd605-ac7b-4874-8296-1f03c84dec9a,roskilde-festival-2026,3,"Zippers, tents, chairs,  good to know! Is there anything else about the gear or waste situation here that you think people don't talk about enough?","Most of us bring tarps too when it rains, so if there was some sort of possibility to eliminate that by maybe making it possible to rent something to cover your tent with, that could be, I think, a great way to save some waste because a lot of people leave them.",False,completed,False
944e6e76-09c2-4606-aa31-4096e429eb99,roskilde-festival-2026,0,Do you think waste is a personal or festival responsibility?,"I think it's both, but mostly a personal responsibility. But of course the festival also has to make it easy for the festival guests to kind of sort their trash and also bring their own stuff home.",False,completed,False
944e6e76-09c2-4606-aa31-4096e429eb99,roskilde-festival-2026,0,"When the festival wraps up, what are you planning to take home, and what'll you leave here? Be honest;)","I'm planning to take everything home. I've done it all the years. Maybe there will be some food left, so if there is something I will leave here, it's the food.",False,completed,False
944e6e76-09c2-4606-aa31-4096e429eb99,roskilde-festival-2026,0,"Think back to packing for Roskilde, what did you bring, and where did most of it come from, new, borrowed, or stuff you already had?",I think I've brought the most basic stuff. I brought a tent and my sleeping gear and some clothes. And it was almost all of his old stuff. Something I had before and used the last couple of years. But I bought a pair of new sandals for this ride skill. And I think that's the only new thing I've got.,False,completed,False
944e6e76-09c2-4606-aa31-4096e429eb99,roskilde-festival-2026,1,,"There is no answer here, because I can't see the question.",False,completed,False
944e6e76-09c2-4606-aa31-4096e429eb99,roskilde-festival-2026,2,,"No answer here, I can't see the question.",False,completed,False
944e6e76-09c2-4606-aa31-4096e429eb99,roskilde-festival-2026,3,,"Answer here, can't see the question.",False,completed,False
a851915b-516c-4736-931a-42cf80568712,roskilde-festival-2026,0,"When the festival wraps up, what are you planning to take home, and what'll you leave here? Be honest;)","Jeg tager næsten det hele med hjem, måske ikke min campingstol.",False,completed,False
a851915b-516c-4736-931a-42cf80568712,roskilde-festival-2026,0,Do you think waste is a personal or festival responsibility?,Бейкирин.,False,completed,False
a851915b-516c-4736-931a-42cf80568712,roskilde-festival-2026,0,"Think back to packing for Roskilde, what did you bring, and where did most of it come from, new, borrowed, or stuff you already had?",Jeg har taget ting med. Jeg havde der hjemme og købte noget mad.,False,completed,False
a851915b-516c-4736-931a-42cf80568712,roskilde-festival-2026,1,"So the chair might stay behind,  what's your gut feeling about what happens to it after you leave?","Ja, men bør jo tage den med hjem og få den smidt ordentlig ud. Det er det.",False,completed,False
a851915b-516c-4736-931a-42cf80568712,roskilde-festival-2026,2,"That's fair,  so what would actually make it easier to bring the chair home?","Hvis jeg ikke havde så mange andre ting, der var tunge, og at jeg ikke skulle med i et proppe to.",False,completed,False
a851915b-516c-4736-931a-42cf80568712,roskilde-festival-2026,3,"So weight and a packed car are the real blockers,  is there anything the festival could do to make that easier?",Флето.,False,completed,False
af6b9338-daa6-4ba6-b0a8-b0cbb4eb996b,roskilde-festival-2026,0,"When the festival wraps up, what are you planning to take home, and what'll you leave here? Be honest;)","Jeg håber på, at jeg kan få mit telt med, når jeg går igen, hvis jeg kan få kacket det ordentligt ned, og at det ikke er blevet smædt. Men det tror jeg, vil lykkes. Dog er jeg ikke sikker på, at jeg kan få mig til at tage sådan noget som min festivalstol med, men det vil selvfølgelig smidt ud på rækken. Og ja, selvfølgelig mit tøj og så videre, tager jeg med hjem igen.",False,completed,False
af6b9338-daa6-4ba6-b0a8-b0cbb4eb996b,roskilde-festival-2026,0,"Think back to packing for Roskilde, what did you bring, and where did most of it come from, new, borrowed, or stuff you already had?","Jeg vil sige, det er en god blanding. Jeg købte et nyt telt og en festivalstol og en presentning. Men ellers loonte jeg en ryksek af mine forældre, loonte liggende underlag og sovpose af min far. Og jeg har selvfølgelig mit egen tøj med. Jeg har købt ind til noget mad. Ja, det er selvfølgelig også nødt til en planning.",False,completed,False
af6b9338-daa6-4ba6-b0a8-b0cbb4eb996b,roskilde-festival-2026,0,Do you think waste is a personal or festival responsibility?,"Jeg synes helt sikkert godt, at man kunne være bedre personligt til at tage sit stral med, eller i det mindste smide det ud i de container, der er sat op. Fordi at i og med, at vi har et ansvar alle sammen, og det er også en festival, hvor alle er frivillige, så det er jo et ansvar, man selv bør tage på sig. Så jeg synes, det burde være en person, der tager ansvar.",False,completed,False
af6b9338-daa6-4ba6-b0a8-b0cbb4eb996b,roskilde-festival-2026,1,,"Jeg kan ikke se spørgsmålet, og den siger at jeg skal refreshen, men jeg kan ikke få spørgsmålet fra.",False,completed,False
af6b9338-daa6-4ba6-b0a8-b0cbb4eb996b,roskilde-festival-2026,2,,"Jeg kan ikke se spørgsmålet, besvær.",False,completed,False
af6b9338-daa6-4ba6-b0a8-b0cbb4eb996b,roskilde-festival-2026,3,,"Я не знаю, что я могу сказать.",False,completed,False
b7ddb96d-a2a2-417c-a91a-3c6116811092,roskilde-festival-2026,0,Do you think waste is a personal or festival responsibility?,"I would say it's a personal responsibility. Even though we will throw out the big tent and tables, I think we'll most definitely bring the tables and the tent back to the trash can.",False,completed,False
b7ddb96d-a2a2-417c-a91a-3c6116811092,roskilde-festival-2026,0,"Think back to packing for Roskilde, what did you bring, and where did most of it come from, new, borrowed, or stuff you already had?","Everything was new. It's my first time at Roskilde, so I didn't have a tent, we didn't have no pavilion, nothing. So we bought everything from new.",False,completed,False
b7ddb96d-a2a2-417c-a91a-3c6116811092,roskilde-festival-2026,0,"When the festival wraps up, what are you planning to take home, and what'll you leave here? Be honest;)","I will most definitely take my tent home because it's like an expensive glided out one. But I think the tables and the big tent over our tables and that, that will throw that out.",False,completed,False
b7ddb96d-a2a2-417c-a91a-3c6116811092,roskilde-festival-2026,1,"Nice that you'll take the tent home, so why leave the big tent and tables?","Basically because they are broken. The Big Ten is broken the first day in the wind and the tables are just over spray painted and yeah, just disgusting. We'll throw that out.",False,completed,False
b7ddb96d-a2a2-417c-a91a-3c6116811092,roskilde-festival-2026,2,"So if they’re trashed, where do you take them to get rid of them properly?",We will take them to the big trash cans there around the camps and clean up our area as good as we can.,False,completed,False
b7ddb96d-a2a2-417c-a91a-3c6116811092,roskilde-festival-2026,3,"Got it, so what’s one thing the festival could do to make this easier for everyone?","I think it's very smart that the festival has made it a possibility to rent Rent the big tents and yeah, I don't think there's a better solution for the tables. They are just so trashed and yeah. But the big tents that you can rent, it's a very smart idea. We just, we were too late to book the tents, that's why.",False,completed,False
b8af9d33-2416-40fb-8f1b-2411115ce589,roskilde-festival-2026,0,"When the festival wraps up, what are you planning to take home, and what'll you leave here? Be honest;)","I would like to bring home everything I brought, especially my tent that has already been to several festivals before. And also I hope that the chair will survive so I can bring it home. But that is not guaranteed on Roskilde Festival because we borrow a lot of each other's chairs and stuff.",False,completed,False
b8af9d33-2416-40fb-8f1b-2411115ce589,roskilde-festival-2026,0,Do you think waste is a personal or festival responsibility?,"I think everyone has a personal responsibility for sure, but that being said, there is surely a lot of things that you have to take into account when you have such big crowds as a festival. At the end of the day, it's a personal responsibility, but Roskilde Festival has also a responsibility to make sorting your waste and kind of being responsible in that way easier for everyone.",False,completed,False
b8af9d33-2416-40fb-8f1b-2411115ce589,roskilde-festival-2026,0,"Think back to packing for Roskilde, what did you bring, and where did most of it come from, new, borrowed, or stuff you already had?","I think most of the things I packed I already had at home. I already had my tent, although I did buy a new chair actually because chairs always break. Also of course I bought new food, but other than that most of what I brought was actually something I had beforehand.",False,completed,False
b8af9d33-2416-40fb-8f1b-2411115ce589,roskilde-festival-2026,1,,I'll see you in the city.,False,completed,False
b8af9d33-2416-40fb-8f1b-2411115ce589,roskilde-festival-2026,2,,Thank you.,False,completed,False
b8af9d33-2416-40fb-8f1b-2411115ce589,roskilde-festival-2026,3,,"Could not answer the question, please refresh.",False,completed,False
b8d299fb-275c-4125-8ca8-112dea470605,roskilde-festival-2026,0,Do you think waste is a personal or festival responsibility?,"I do think that we can all make a better effort to reduce waste because it is not only our own problem, it is a collective problem. Yes.",False,completed,False
b8d299fb-275c-4125-8ca8-112dea470605,roskilde-festival-2026,0,"When the festival wraps up, what are you planning to take home, and what'll you leave here? Be honest;)","Like I said just before, I think we will take all our tents and präsenniger back home. Maybe also probably our chairs, but most of the waste will of course be recycled.",False,completed,False
b8d299fb-275c-4125-8ca8-112dea470605,roskilde-festival-2026,0,"Think back to packing for Roskilde, what did you bring, and where did most of it come from, new, borrowed, or stuff you already had?","Yes, we have shopped in Haralübau and Tansen, T. Hansen and Silvan and stuff. And we are thinking about taking all of our tents and pavilion and everything back home. So in that way, I think we are pretty renewable. Thank you very much.",False,completed,False
b8d299fb-275c-4125-8ca8-112dea470605,roskilde-festival-2026,1,"Nice, sounds like you're pretty sorted on taking stuff home,  what do you reckon makes other people leave their tents behind?","I think it's just general apathy and just being narcissistic. Honestly, granted that all these festivals around the world are occurring at the same time and whatnot, I think it's pretty apparent that we in Denmark are a foregangsland on the green part. So we can definitely do more to reduce our waste. Yes.",False,completed,False
b8d299fb-275c-4125-8ca8-112dea470605,roskilde-festival-2026,2,What's one thing Roskilde could do that would actually make lazy people pack up their tent?,"Well, I think the whole deal with only renting pavilions that are, you know, safe and secure from weathering and whatnot and don't get overwhelmed by extreme weather. Extremely nice, extremely nice. I am totally for it. So just more of that kind of deal. Yeah?",False,completed,False
b8d299fb-275c-4125-8ca8-112dea470605,roskilde-festival-2026,3,Anything else about the tent or waste situation at Roskilde that you think people aren't talking about enough?,"I think we can always do more. We can definitely do more. It's a matter of, you know, breaking down the general discourse against, you know, like, just leave whatever the fuck you have going on and let other people pick it up for you. It'll make, you know, the whole festival better for all of us. And it'll also, you know, make next year and the following years better for everybody because we don't leave a bunch of microplastics and whatnot flying around. So, yeah.",False,completed,False
baf608ec-716a-404b-b3f6-20d38f25964e,roskilde-festival-2026,0,"Think back to packing for Roskilde, what did you bring, and where did most of it come from, new, borrowed, or stuff you already had?",stuff I bought for once I'm used.,False,completed,False
baf608ec-716a-404b-b3f6-20d38f25964e,roskilde-festival-2026,0,Do you think waste is a personal or festival responsibility?,"I think it's combined, I think that should be good. This is for cleaning up the festival site, but you should have your own responsibility for cleaning it up. But it's easy to do at a festival.",False,completed,False
baf608ec-716a-404b-b3f6-20d38f25964e,roskilde-festival-2026,0,"When the festival wraps up, what are you planning to take home, and what'll you leave here? Be honest;)","I'll take home my clothes and the leftover alcohol, but not more than that.",False,completed,False
baf608ec-716a-404b-b3f6-20d38f25964e,roskilde-festival-2026,1,,All right.,False,completed,False
baf608ec-716a-404b-b3f6-20d38f25964e,roskilde-festival-2026,2,,Could not generate the next question?,False,completed,False
baf608ec-716a-404b-b3f6-20d38f25964e,roskilde-festival-2026,3,,"Yes, yes.",False,completed,False
bb26a264-aef4-40b1-bf0b-5b21105b7e80,roskilde-festival-2026,0,"Think back to packing for Roskilde, what did you bring, and where did most of it come from, new, borrowed, or stuff you already had?",It was stuff I already had.,False,completed,False
bb26a264-aef4-40b1-bf0b-5b21105b7e80,roskilde-festival-2026,0,Do you think waste is a personal or festival responsibility?,"It's both. It's very much a personal responsibility, but also the festival. I don't think the festival should allow as much waste, like not allowing glass bottles. And I also don't think they should allow the cheap pavilions like they didn't allow this year, but also maybe the cheap tents and stuff like that, mattresses, cheap mattresses. I also think they should maybe regulate a little bit more because people will throw them out instead of taking them home.",False,completed,False
bb26a264-aef4-40b1-bf0b-5b21105b7e80,roskilde-festival-2026,0,"When the festival wraps up, what are you planning to take home, and what'll you leave here? Be honest;)","I'm planning on bringing everything home. Tent, mattress, sleeping bag, clothes. Of course not like bottles and stuff. But everything else I'm bringing home again.",False,completed,False
bb26a264-aef4-40b1-bf0b-5b21105b7e80,roskilde-festival-2026,1,"Really interesting take on regulating cheap gear,  if Roskilde banned the cheapest tents, how do you think people would react?",They would just buy more expensive tents like they did this year with the pavilions. So I don't think people would react really. They would just buy the more expensive stuff.,False,completed,False
bb26a264-aef4-40b1-bf0b-5b21105b7e80,roskilde-festival-2026,2,"So if pricier tents still get left behind, what do you think would actually stop people from abandoning them?","I think maybe if you make a rule that people have to clean up, that it would be checked like it isn't clean out loud, then maybe people would bring it home because they would have to clean it up somehow. So then maybe they're more prone to just taking it home instead of taking it to the garbage bin.",False,completed,False
bb26a264-aef4-40b1-bf0b-5b21105b7e80,roskilde-festival-2026,3,"Before you head off, is there anything else the festival could do that you think would actually make a real difference?",They would have to make a rule that nobody could leave trash because I think that would actually make people think about the trash that they bring and how much they have making a difference for all of us.,False,completed,False
bd6ebac3-b2fc-40fa-b9dd-c7487b48378f,roskilde-festival-2026,0,"Think back to packing for Roskilde, what did you bring, and where did most of it come from, new, borrowed, or stuff you already had?","All of the camping things are brand new, and all of the food. Yeah, everything is new, except for clothes. Yeah, my clothes are not new. Yeah. Yeah, and also just very toiletries, like earplugs, toothbrush. I mean, how much do you need? Okay. It's good.",False,completed,False
bd6ebac3-b2fc-40fa-b9dd-c7487b48378f,roskilde-festival-2026,0,Do you think waste is a personal or festival responsibility?,"I think it would be too much of a responsibility if it was a festival responsibility. Because also, we can all do a little and then it will go a very long way if we all do it. So personal responsibility. But the festival can definitely make it much easier to make it clean. That's why they have these areas, like clean out, die out and leave no trace. That's really good, but they could do like the festival should also have an infrastructure that makes it easy for us to clean. Yeah",False,completed,False
bd6ebac3-b2fc-40fa-b9dd-c7487b48378f,roskilde-festival-2026,0,"When the festival wraps up, what are you planning to take home, and what'll you leave here? Be honest;)","I will leave nothing behind. I will take everything home. Yeah, I'm a good person, guys.",False,completed,False
bd6ebac3-b2fc-40fa-b9dd-c7487b48378f,roskilde-festival-2026,1,"So if everyone took their gear home, what’s the one thing the festival could do to make that easier for you?","Maybe it's easier to borrow like the... ...Trekvogne, what the hell? The... Wagons? Wagons or something, that could be really nice. Also, like, you can do like a... Like a cleaning thing every morning, maybe like 10 a.m. You're like, guys, now it's time for everybody to have their 10 minutes cleaning and then have like good, make a game out of it or something. I know there's a camp near me that was like, oh, you can win like shots or wristbands if you take a piece of trash over to us, then we'll get like some sort of reward. That's really nice.",False,completed,False
bd6ebac3-b2fc-40fa-b9dd-c7487b48378f,roskilde-festival-2026,2,So those wagons and morning clean-ups would help you take everything home?,"I take everything home anyway, so I guess yes.",False,completed,False
bd6ebac3-b2fc-40fa-b9dd-c7487b48378f,roskilde-festival-2026,3,Anything else on your mind about waste or gear at festivals?,"Plop, plop, plop, plop, plop.",False,completed,False
c22e0b9f-99c7-439b-8b33-440a58b00dcb,roskilde-festival-2026,0,"Think back to packing for Roskilde, what did you bring, and where did most of it come from, new, borrowed, or stuff you already had?","Everything that we brought was basically new, except our tent, which we actually take care of the year before. But everything else was pretty much new, except our clothes, obviously.",False,completed,False
c22e0b9f-99c7-439b-8b33-440a58b00dcb,roskilde-festival-2026,0,"When the festival wraps up, what are you planning to take home, and what'll you leave here? Be honest;)",The tent and the pavilion maybe?,False,completed,False
c22e0b9f-99c7-439b-8b33-440a58b00dcb,roskilde-festival-2026,0,Do you think waste is a personal or festival responsibility?,"It's a festival responsibility because we know that people in the camps, they don't actually care too much about cleaning up after themselves. And it's harder to engage them to do that than just to make it a system that makes it harder to waste something. For example, the pavilions that had to be the reinforced ones, like the more expensive ones, is something that forces the festival guests to actually take care of the equipment that they bring, which is something I think that everyone should do.",False,completed,False
c22e0b9f-99c7-439b-8b33-440a58b00dcb,roskilde-festival-2026,1,"So you'd take the tent but leave new stuff like mats or chairs, what happens to those?","I would just leave them there because they're all broken and they're too low quality to actually make any use of. And I can't see how I can bring that home in any way possible. So if they're high quality, maybe I would bring it home. But then again, it has to fit in one car, which is hard to do. So, yeah.",False,completed,False
c22e0b9f-99c7-439b-8b33-440a58b00dcb,roskilde-festival-2026,2,"That’s a tight fit in one car, huh? What would make it easier to bring stuff home?","I mean, I like the thing where you can make a deposit and then you can like rent something from the festival, but that gets sold out relatively quickly and it's hard to like plan ahead, which this year we ended up not doing at all. So we have to think of something where it's not expensive to actually rent something and then you bring it back and you leave the festival space and then you don't have to just have to show up with all your personal stuff.",False,completed,False
c22e0b9f-99c7-439b-8b33-440a58b00dcb,roskilde-festival-2026,3,Anything else you'd want the festival to know about this?,Do more renting and make it more convenient to actually rent something at the first little place so you can just bring your clothes and your food and etc. So that you can actually focus on the good things and you don't have to drag all your shit along basically.,False,completed,False
d46b791e-8d73-4687-bd25-e7717c541a73,roskilde-festival-2026,0,"Think back to packing for Roskilde, what did you bring, and where did most of it come from, new, borrowed, or stuff you already had?","Det mest er, det var noget, jeg allerede havde, og så købte jeg lidt forskellige ting.",False,completed,False
d46b791e-8d73-4687-bd25-e7717c541a73,roskilde-festival-2026,0,Do you think waste is a personal or festival responsibility?,"Jeg synes, det er fællesvalgens ansvar at sætte gode rammer om det. Og ellers er det... Ja, men det er det der jo. Og ellers er det personligt ansvar. Prøv at fælde med. Prøv at fælde med en gang.",False,completed,False
d46b791e-8d73-4687-bd25-e7717c541a73,roskilde-festival-2026,0,"When the festival wraps up, what are you planning to take home, and what'll you leave here? Be honest;)","Jamen, jeg tror, at jeg tager mit telt med, og måske en stol med, og mit sorgepose. Så, forbæk, det kan jeg ikke slippe delene af nødsæt med. Så, med aflæns bag. Det er det der. Det er det der. Man skal optege det. Alt andet, tror jeg. Eller mit tøj og sådan noget der. Alle sådan fode ting.",False,completed,False
d46b791e-8d73-4687-bd25-e7717c541a73,roskilde-festival-2026,1,"They mentioned the festival should ""set good frameworks"",  what's one thing Roskilde could do that would actually make it easier to take your stuff home?","Det er et rigtig godt spørgsmål. Du ved ræss ægt, det er ægt. Det er meget fint, det der med, at man kan leje ting. Eller man har et depositum, så man har noget økonomisk ansvar for at passe godt på det.",False,completed,False
d46b791e-8d73-4687-bd25-e7717c541a73,roskilde-festival-2026,2,"A deposit system,  interesting! How much would it need to be to actually change your behaviour?","Hvis nu de siger man ikke må have sin egen stol, men alle skal leje en stol, eller alle skal leje et eller andet, så tror jeg, det vil hjælpe ret meget på lige sådan det. Det er sådan noget AI det her jo.",False,completed,False
d46b791e-8d73-4687-bd25-e7717c541a73,roskilde-festival-2026,3,Anything else about gear or waste at Roskilde you think people don't talk about enough?,"Эм, не, мне это трое, я не знаю.",False,completed,False
dc84ec1a-e2cc-4bb3-9b74-1972fc446092,roskilde-festival-2026,0,"When the festival wraps up, what are you planning to take home, and what'll you leave here? Be honest;)",Пайвим апинус.,False,completed,False
dc84ec1a-e2cc-4bb3-9b74-1972fc446092,roskilde-festival-2026,0,Do you think waste is a personal or festival responsibility?,It's definitely not my penis.,False,completed,False
dc84ec1a-e2cc-4bb3-9b74-1972fc446092,roskilde-festival-2026,0,"Think back to packing for Roskilde, what did you bring, and where did most of it come from, new, borrowed, or stuff you already had?",I brought it all.,False,completed,False
dc84ec1a-e2cc-4bb3-9b74-1972fc446092,roskilde-festival-2026,1,What's the one thing you'd definitely never leave behind?,"If I think about it, it might be my penis.",False,completed,False
dc84ec1a-e2cc-4bb3-9b74-1972fc446092,roskilde-festival-2026,2,"Ha, fair enough,  so what's the one thing you'd be most tempted to just ditch here?",It's Joe. It won't be my penis.,False,completed,False
dc84ec1a-e2cc-4bb3-9b74-1972fc446092,roskilde-festival-2026,3,Anything else about the gear or waste situation here that you think Roskilde should know?,Yeah.,False,completed,False
df42fd4d-fc71-45b5-acc2-e18df753995b,roskilde-festival-2026,0,"When the festival wraps up, what are you planning to take home, and what'll you leave here? Be honest;)","I will probably just bring everything that I brought back home. Again, normally I wouldn't have the tent house, so that means I would bring a tent and bring everything, and then I would actually not bring it home, which I feel really bad about. But I'm just so lazy and tired after the festival that... And my penis. Stop. I'm so tired after the festival and I don't have the energy to carry all that shit home, to be honest.",False,completed,False
df42fd4d-fc71-45b5-acc2-e18df753995b,roskilde-festival-2026,0,Do you think waste is a personal or festival responsibility?,I think both responsibilities.,False,completed,False
df42fd4d-fc71-45b5-acc2-e18df753995b,roskilde-festival-2026,0,"Think back to packing for Roskilde, what did you bring, and where did most of it come from, new, borrowed, or stuff you already had?","I had the tent house, so I didn't actually bring much besides just my clothes. So I didn't buy much.",False,completed,False
df42fd4d-fc71-45b5-acc2-e18df753995b,roskilde-festival-2026,1,"Both, fair enough,  what's one thing the festival could do that would actually make you pack that tent out?","Honestly, I don't think anything. I think the only thing would be...",False,completed,False
df42fd4d-fc71-45b5-acc2-e18df753995b,roskilde-festival-2026,2,"Sounds like even the best festival initiative might not cut through the exhaustion,  what would it take for *you* personally to find the energy?","Yo! So, I'm not gonna say direct penis, but I mean, that's over there, it's over there.",False,completed,False
df42fd4d-fc71-45b5-acc2-e18df753995b,roskilde-festival-2026,3,Anything else about the gear or waste situation here that you think people don't talk about enough?,"I mean, speaking about gear, I mean, maybe it was a peanut.",False,completed,False
e166df4e-5750-4a77-8c28-88f34604f71f,roskilde-festival-2026,0,"When the festival wraps up, what are you planning to take home, and what'll you leave here? Be honest;)","Jeg tager mit telt med hjem og min løftadress. Og planlægger ikke at tage mit stol med hjem. Og plads i bordet også. Og pavilion, den har vi lagt af Roskilde. Så det er bare så fint.",False,completed,False
e166df4e-5750-4a77-8c28-88f34604f71f,roskilde-festival-2026,0,Do you think waste is a personal or festival responsibility?,"Det er begge ansvar. Det er selvfølgelig festivalens ansvar at lave nogle initiativer, som skal efterfølges og lave nogle lidt strammere politikker, måske ligesom i år med glas og pavilonger, dårlige pavilonger og så videre. Men det er helt klart også, ligesom at lægge live-note-trace, er det jo et personligt ansvar at sige rød op. Men regler er vigtige.",False,completed,False
e166df4e-5750-4a77-8c28-88f34604f71f,roskilde-festival-2026,0,"Think back to packing for Roskilde, what did you bring, and where did most of it come from, new, borrowed, or stuff you already had?","Jeg har lavet lidt en blanding, både nyt og brugt. Isar mit selv var brugt, ellers købte jeg nye ting. Så ja, lidt en blanding.",False,completed,False
e166df4e-5750-4a77-8c28-88f34604f71f,roskilde-festival-2026,1,"Cool that you're taking the tent home,  the chair and pavilion are staying though. What's the story there, too bulky, or something else?","Det er et godt spørgsmål. Jeg føler bare, at stolen ikke er lidt så holdbar, og den er billigere at købe end selv. Næste år.",False,completed,False
e166df4e-5750-4a77-8c28-88f34604f71f,roskilde-festival-2026,2,"So the chair felt more disposable from the start,  did you already know before you arrived that it'd stay here?","Я это вижу, я готов.",False,completed,False
e166df4e-5750-4a77-8c28-88f34604f71f,roskilde-festival-2026,3,Is there anything the festival could do that'd actually make you pack out more stuff next time?,"Да, я не могу.",False,completed,False
e2d7385c-1dbf-4448-952a-f5c7d4e2d160,roskilde-festival-2026,0,Do you think waste is a personal or festival responsibility?,"I don't really care to be honest. I think some of it is personal, some of it is festival.",False,completed,False
e2d7385c-1dbf-4448-952a-f5c7d4e2d160,roskilde-festival-2026,0,"Think back to packing for Roskilde, what did you bring, and where did most of it come from, new, borrowed, or stuff you already had?",Most of it was bought. I bought all of it. And I bought everything. I bought everything.,False,completed,False
e2d7385c-1dbf-4448-952a-f5c7d4e2d160,roskilde-festival-2026,0,"When the festival wraps up, what are you planning to take home, and what'll you leave here? Be honest;)",I will leave everything that's not clothes or shoes.,False,completed,False
e2d7385c-1dbf-4448-952a-f5c7d4e2d160,roskilde-festival-2026,1,"So leaving everything behind,  what's the story you're telling yourself about where it all ends up?","To be honest, I don't know. Maybe some of it ends up in the river, some of it ends up in another place.",False,completed,False
e2d7385c-1dbf-4448-952a-f5c7d4e2d160,roskilde-festival-2026,2,"That honesty is refreshing. Does not knowing where it ends up actually bother you, or is it more like… out of sight, out of mind?","To be honest, when I'm at a festival, I don't really think about that shit. I just focus on having fun. But, like, you're planting a seed in my mind to maybe be better.",False,completed,False
e2d7385c-1dbf-4448-952a-f5c7d4e2d160,roskilde-festival-2026,3,"Love that,  ""planting a seed."" Before I let you go, is there anything Roskilde could do that would actually make you pack differently next time?","My freedom is using... They could... They could, like... Yeah. Do so there is enough pavilions for everyone. I brought my own because there wasn't enough to rent, so make sure next year that there is enough to rent, and then I won't pack that shit.",False,completed,False
eef74bd3-f170-46a8-abc0-c9dd0f535eab,roskilde-festival-2026,0,"When the festival wraps up, what are you planning to take home, and what'll you leave here? Be honest;)","I'm planning on taking my tent with me home. I actually also brought a mattress myself that I'm planning on bringing home. My festival chair. Yeah, so all my camping gear.",False,completed,False
eef74bd3-f170-46a8-abc0-c9dd0f535eab,roskilde-festival-2026,0,Do you think waste is a personal or festival responsibility?,"I think waste is both personal and festival. If the festival gives good opportunities for people to take care of their trash, then they will do it better.",False,completed,False
eef74bd3-f170-46a8-abc0-c9dd0f535eab,roskilde-festival-2026,0,"Think back to packing for Roskilde, what did you bring, and where did most of it come from, new, borrowed, or stuff you already had?","We have a tent that we also used last year, which we actually really wanted to reuse. And my friend reused her mattress that she bought, well, rented from Roskilde Festival last year. And she packed it with her and took it with her again this year, so that's also reused. I was also able to reuse my camping stool, camping chair. So yeah, a lot of our stuff has been reused and I really want to make sure that we bring it back home with us. We also stay clean out loud, so we try at least to clean up after ourselves and sort our trash. But I hope more people would do a bigger effort at reusing their stuff at Roskilde, which unfortunately isn't so good.I don't know where to go.",False,completed,False
eef74bd3-f170-46a8-abc0-c9dd0f535eab,roskilde-festival-2026,1,What kind of opportunity or setup do you think would actually make people bring their tent home?,"Maybe encourage people to bring better tents to start with, more expensive tents so they actually want to bring them home. I guess you could make kind of like posters about remember to bring home your tent. Yeah, but it's tough.",False,completed,False
eef74bd3-f170-46a8-abc0-c9dd0f535eab,roskilde-festival-2026,2,"You mentioned ""expensive tents"",  do you think price is really what stops people, or is it more the hassle of packing up wet gear?","I think it's both. I guess if the last day is really, really a shitty day with bad weather, people would more likely leave their stuff. But if people have invested in good quality tents, I think they would put more effort into bringing it back home and reusing it year after year.",False,completed,False
eef74bd3-f170-46a8-abc0-c9dd0f535eab,roskilde-festival-2026,3,Is there anything else Roskilde could do that we haven't touched on yet?,"I found it a bit difficult outside of the entrances to get water, first of all, and then also to find trash cans. So also to focus on the places to throw out your trash at the entrances.",False,completed,False
f2bd9f34-1f06-412c-b06c-065bf8d0cea7,roskilde-festival-2026,0,"Think back to packing for Roskilde, what did you bring, and where did most of it come from, new, borrowed, or stuff you already had?","All the thing I needed was like a basket on wheels. That was the only thing I needed. To drag all my things, my beers, 10 things, everything. Just a basket of wheels. If you could rent those out, I would... Me and my friends, my camp, my group, would rent those out.",False,completed,False
f2bd9f34-1f06-412c-b06c-065bf8d0cea7,roskilde-festival-2026,0,"When the festival wraps up, what are you planning to take home, and what'll you leave here? Be honest;)","I'm planning to take my bag home. Nothing else, not my tent, not any chairs, no nothing. I'm sorry, but that's just it. I just, my things.",False,completed,False
f2bd9f34-1f06-412c-b06c-065bf8d0cea7,roskilde-festival-2026,0,Do you think waste is a personal or festival responsibility?,"I do think about it because I'm doing this questionnaire. So yes, I'm thinking about personal responsibility.",False,completed,False
f2bd9f34-1f06-412c-b06c-065bf8d0cea7,roskilde-festival-2026,1,So you're leaving the tent and chairs here - what's the story you tell yourself about what happens to them after?,"I'll tell my brother that I had a more, a better, more amazing time than him.",False,completed,False
f2bd9f34-1f06-412c-b06c-065bf8d0cea7,roskilde-festival-2026,2,"Haha, fair. So what do you actually think happens to the tent and chairs you leave?",Somebody clean them up. Not my problem. Somebody will clean them up.,False,completed,False
f2bd9f34-1f06-412c-b06c-065bf8d0cea7,roskilde-festival-2026,3,Anything else you'd want the festival to know about this?,No!,False,completed,False
f65a31d7-88ec-4e0c-8877-b7d7fc89f5ef,roskilde-festival-2026,0,"Think back to packing for Roskilde, what did you bring, and where did most of it come from, new, borrowed, or stuff you already had?",This is us basically flipping through the... I brought a tent and a sleeping bag and a mattress and it was stuff I already had.,False,completed,False
f65a31d7-88ec-4e0c-8877-b7d7fc89f5ef,roskilde-festival-2026,0,Do you think waste is a personal or festival responsibility?,"I think it's a festival responsibility, but also a personal responsibility. So both.",False,completed,False
f65a31d7-88ec-4e0c-8877-b7d7fc89f5ef,roskilde-festival-2026,0,"When the festival wraps up, what are you planning to take home, and what'll you leave here? Be honest;)",I will take everything home that is not damaged. And definitely my sleeping bag and the tent and my clothes.,False,completed,False
f65a31d7-88ec-4e0c-8877-b7d7fc89f5ef,roskilde-festival-2026,1,"Curious what you mean by ""festival responsibility"",  what's one thing Roskilde could actually do to make that easier for you?",I really like that they make good mattresses and pavilions and tents that you can buy. Then you have a deposit and then you can deliver it back. And then you can get the deposit back.,False,completed,False
f65a31d7-88ec-4e0c-8877-b7d7fc89f5ef,roskilde-festival-2026,2,"That deposit idea is interesting,  have you ever actually used or seen a scheme like that work somewhere?","No, I haven't.",False,completed,False
f65a31d7-88ec-4e0c-8877-b7d7fc89f5ef,roskilde-festival-2026,3,Anything else about gear or waste at Roskilde that you think people don't talk about enough?,I think the most waste is probably the tents and the pavilions. So maybe I don't think you talk about how many tents that is thrown out afterwards.,False,completed,False
