interview,participant,employee_id,participant_status,is_test,started_at,completed_at,consented_at,thread,turn_index,question_source,anchor_question,question_asked,question_type,answer_text,answer_options,is_skipped,is_voice,time_spent_seconds,created_at,extracted_quotes,assignment_id
The office 2,,2cf43d20-da63-4f6e-9ab8-764abf31f1a7,completed,False,2026-06-24 21:24:14.546+00,2026-06-24 21:27:42.283+00,2026-06-24 21:24:04.271+00,0,0,base,How's work been this week?,How's work been this week?,mood,Great!,,False,False,19,2026-06-24 21:24:14.630752+00,,053286d3-02ab-46d1-a40e-07f22f6fb1b2
The office 2,,2cf43d20-da63-4f6e-9ab8-764abf31f1a7,completed,False,2026-06-24 21:24:14.546+00,2026-06-24 21:27:42.283+00,2026-06-24 21:24:04.271+00,1,0,base,Got it. Is there anything that could make things better right now?,Got it. Is there anything that could make things better right now?,text,"Honestly? The people. I have assembled an incredible team here in Scranton and they genuinely love me — not just as a boss, but as a friend, an entertainer, a mentor. I have a ""World's Best Boss"" mug that I drink from every single day. Did I buy it myself? Yes. Does that make it less true? Absolutely not.",,False,False,13,2026-06-24 21:24:29.952346+00,"I have a ""World's [REDACTED]"" mug that I drink from every single day. Did I buy it myself? Yes. Does that make it less true? Absolutely not.",053286d3-02ab-46d1-a40e-07f22f6fb1b2
The office 2,,2cf43d20-da63-4f6e-9ab8-764abf31f1a7,completed,False,2026-06-24 21:24:14.546+00,2026-06-24 21:27:42.283+00,2026-06-24 21:24:04.271+00,1,1,ai_followup,Got it. Is there anything that could make things better right now?,What does a good day with them actually look like?,text,"A good day is when I walk out into that bullpen and do something totally unexpected — like a classic ""Wazzup!"" — and everyone just lights up. People are laughing, the energy is electric, and you can just feel that this is a family, not just a workplace. That's what separates me from other managers. I entertain AND I manage. It's a gift.",,False,False,21,2026-06-24 21:24:52.075772+00,I entertain AND I manage. It's a gift.,053286d3-02ab-46d1-a40e-07f22f6fb1b2
The office 2,,2cf43d20-da63-4f6e-9ab8-764abf31f1a7,completed,False,2026-06-24 21:24:14.546+00,2026-06-24 21:27:42.283+00,2026-06-24 21:24:04.271+00,1,2,ai_followup,Got it. Is there anything that could make things better right now?,Has there been a moment recently where that fell flat?,text,"electric. Like a comedy club, but also a high-performing paper sales office. People feed off my energy, and I feed off theirs. It's a symbiotic relationship. Like Bono and the crowd at a U2 concert. I'm Bono in this scenario.",,False,False,15,2026-06-24 21:25:06.997634+00,"Like a comedy club, but also a high-performing paper sales office.",053286d3-02ab-46d1-a40e-07f22f6fb1b2
The office 2,,2cf43d20-da63-4f6e-9ab8-764abf31f1a7,completed,False,2026-06-24 21:24:14.546+00,2026-06-24 21:27:42.283+00,2026-06-24 21:24:04.271+00,1,3,ai_followup,Got it. Is there anything that could make things better right now?,"Before we dig into the work itself, anything on your mind coming into today?",text,,,True,False,19,2026-06-24 21:25:26.297931+00,,053286d3-02ab-46d1-a40e-07f22f6fb1b2
The office 2,,2cf43d20-da63-4f6e-9ab8-764abf31f1a7,completed,False,2026-06-24 21:24:14.546+00,2026-06-24 21:27:42.283+00,2026-06-24 21:24:04.271+00,3,1,ai_followup,Walk me through a piece of work from the last month that felt really yours.,"That energy with the team is clear, what about the work itself, the actual day-to-day tasks: what part feels most meaningful to you?",text,something you can't teach. You either have it or you don't. And I have it. In spades.,,False,False,15,2026-06-24 21:25:43.187531+00,something you can't teach. You either have it or you don't. And I have it. In spades.,053286d3-02ab-46d1-a40e-07f22f6fb1b2
The office 2,,2cf43d20-da63-4f6e-9ab8-764abf31f1a7,completed,False,2026-06-24 21:24:14.546+00,2026-06-24 21:27:42.283+00,2026-06-24 21:24:04.271+00,3,2,ai_followup,Walk me through a piece of work from the last month that felt really yours.,"When did you last feel it most, what were you actually doing?",text,,,True,False,15,2026-06-24 21:25:59.011973+00,,053286d3-02ab-46d1-a40e-07f22f6fb1b2
The office 2,,2cf43d20-da63-4f6e-9ab8-764abf31f1a7,completed,False,2026-06-24 21:24:14.546+00,2026-06-24 21:27:42.283+00,2026-06-24 21:24:04.271+00,3,3,ai_followup,Walk me through a piece of work from the last month that felt really yours.,Is there anything about the work you'd want to flag before we wrap up?,text,Nope! Everything is fantastic. We also have a documentary crew here today which is very exciting — they're filming us because we're an interesting and successful branch. That's about all I can say on that. Very hush-hush. Top secret. But great.,,False,False,23,2026-06-24 21:26:22.109921+00,,053286d3-02ab-46d1-a40e-07f22f6fb1b2
The office 2,,2cf43d20-da63-4f6e-9ab8-764abf31f1a7,completed,False,2026-06-24 21:24:14.546+00,2026-06-24 21:27:42.283+00,2026-06-24 21:24:04.271+00,4,1,ai_followup,When was the last time your manager said or did something that genuinely helped?,"Thinking about your own boss, what's that relationship like for you?",text,"Absolutely. And I think ""center of gravity"" is exactly right. Pull people in, keep things moving, make sure everyone is having a good time. That's leadership. That's Michael Scott.",,False,False,18,2026-06-24 21:26:41.137923+00,,053286d3-02ab-46d1-a40e-07f22f6fb1b2
The office 2,,2cf43d20-da63-4f6e-9ab8-764abf31f1a7,completed,False,2026-06-24 21:24:14.546+00,2026-06-24 21:27:42.283+00,2026-06-24 21:24:04.271+00,4,2,ai_followup,When was the last time your manager said or did something that genuinely helped?,"What about your boss, when did you last hear from them?",text,,,True,False,13,2026-06-24 21:26:54.705371+00,,053286d3-02ab-46d1-a40e-07f22f6fb1b2
The office 2,,2cf43d20-da63-4f6e-9ab8-764abf31f1a7,completed,False,2026-06-24 21:24:14.546+00,2026-06-24 21:27:42.283+00,2026-06-24 21:24:04.271+00,4,3,ai_followup,When was the last time your manager said or did something that genuinely helped?,Anything else on your mind before we close out?,text,"No, I think that covers it. Things are great, people are happy, and the branch is in very capable hands. Mine.",,False,False,17,2026-06-24 21:27:11.793908+00,"Things are great, people are happy, and the branch is in very capable hands. Mine.",053286d3-02ab-46d1-a40e-07f22f6fb1b2
The office 2,,60f847a2-4797-49bf-a029-4f51f4e0e115,completed,False,2026-06-24 21:24:10.353+00,2026-06-24 21:29:02.131+00,2026-06-24 21:24:01.303+00,0,0,base,How's work been this week?,How's work been this week?,mood,Okay,,False,False,20,2026-06-24 21:24:10.447277+00,,c900ca9f-e099-44fc-8c05-96f6d6cfe9da
The office 2,,60f847a2-4797-49bf-a029-4f51f4e0e115,completed,False,2026-06-24 21:24:10.353+00,2026-06-24 21:29:02.131+00,2026-06-24 21:24:01.303+00,1,0,base,Got it. Is there anything that could make things better right now?,Got it. Is there anything that could make things better right now?,text,"Honestly? Not much. I mean, today had its highlights — the Jell-O prank really came together nicely. If I'm being serious, fewer meetings where the outcome is ""we might all lose our jobs but also maybe not"" would be a start.",,False,False,16,2026-06-24 21:24:29.482021+00,"fewer meetings where the outcome is ""we might all lose our jobs but also maybe not"" would be a start",c900ca9f-e099-44fc-8c05-96f6d6cfe9da
The office 2,,60f847a2-4797-49bf-a029-4f51f4e0e115,completed,False,2026-06-24 21:24:10.353+00,2026-06-24 21:29:02.131+00,2026-06-24 21:24:01.303+00,1,1,ai_followup,Got it. Is there anything that could make things better right now?,What was the meeting actually about?,text,"Michael gathered everyone to confirm the rumor that's been floating around — corporate might downsize one of the branches, either us or Stamford. He kept insisting it wouldn't be Scranton, but Pam had been in the meeting with Jan and basically let slip that it could be us. Michael shut that down pretty fast. It was about as reassuring as you'd expect.",,False,False,28,2026-06-24 21:24:58.621752+00,,c900ca9f-e099-44fc-8c05-96f6d6cfe9da
The office 2,,60f847a2-4797-49bf-a029-4f51f4e0e115,completed,False,2026-06-24 21:24:10.353+00,2026-06-24 21:29:02.131+00,2026-06-24 21:24:01.303+00,1,2,ai_followup,Got it. Is there anything that could make things better right now?,How did the room feel after Michael wrapped it up?,text,"I mean, it felt like when someone says ""everything's fine"" in a voice that makes it very clear everything is not fine. Stanley looked like he wanted to be anywhere else on earth. Oscar was asking real questions and not getting real answers. Michael was smiling the whole time, which somehow made it worse.",,False,False,30,2026-06-24 21:25:28.915685+00,"it felt like when someone says ""everything's fine"" in a voice that makes it very clear everything is not fine",c900ca9f-e099-44fc-8c05-96f6d6cfe9da
The office 2,,60f847a2-4797-49bf-a029-4f51f4e0e115,completed,False,2026-06-24 21:24:10.353+00,2026-06-24 21:29:02.131+00,2026-06-24 21:24:01.303+00,1,3,ai_followup,Got it. Is there anything that could make things better right now?,Did anyone say anything on the way out?,text,"Not really, people kind of just dispersed. Which is its own answer, I think. The new guy — Ryan, first day — was hovering outside the whole time on his phone. He mentioned he'd heard they might close this branch. Again, first day. Great introduction to the job.",,False,False,28,2026-06-24 21:25:56.878532+00,,c900ca9f-e099-44fc-8c05-96f6d6cfe9da
The office 2,,60f847a2-4797-49bf-a029-4f51f4e0e115,completed,False,2026-06-24 21:24:10.353+00,2026-06-24 21:29:02.131+00,2026-06-24 21:24:01.303+00,3,1,ai_followup,Walk me through a piece of work from the last month that felt really yours.,"When you block it out, what part of your actual work still feels worth doing?",text,"Honestly, the client calls. Not because I love talking about paper — I can bore myself to tears just describing the job — but there's something satisfying about actually closing a deal. That part works. Everything around it is... a lot.",,False,False,28,2026-06-24 21:26:25.709786+00,there's something satisfying about actually closing a deal. That part works. Everything around it is... a lot.,c900ca9f-e099-44fc-8c05-96f6d6cfe9da
The office 2,,60f847a2-4797-49bf-a029-4f51f4e0e115,completed,False,2026-06-24 21:24:10.353+00,2026-06-24 21:29:02.131+00,2026-06-24 21:24:01.303+00,3,2,ai_followup,Walk me through a piece of work from the last month that felt really yours.,What's going through your head right at that moment?,text,"Honestly? Relief, mostly. And then immediately after — ""I just sold someone paper."" So it's a pretty short high. But in the moment, yeah, it feels good.",,False,False,27,2026-06-24 21:26:53.017932+00,,c900ca9f-e099-44fc-8c05-96f6d6cfe9da
The office 2,,60f847a2-4797-49bf-a029-4f51f4e0e115,completed,False,2026-06-24 21:24:10.353+00,2026-06-24 21:29:02.131+00,2026-06-24 21:24:01.303+00,3,3,ai_followup,Walk me through a piece of work from the last month that felt really yours.,What kills the feeling so fast?,text,"Looking up and remembering where I am, mostly. You hang up the phone and Dwight is right there, very concerned about the demarcation of his desk space. The ambiance is a real mood-killer.",,False,False,20,2026-06-24 21:27:13.608512+00,,c900ca9f-e099-44fc-8c05-96f6d6cfe9da
The office 2,,60f847a2-4797-49bf-a029-4f51f4e0e115,completed,False,2026-06-24 21:24:10.353+00,2026-06-24 21:29:02.131+00,2026-06-24 21:24:01.303+00,4,1,ai_followup,When was the last time your manager said or did something that genuinely helped?,"Thinking about Michael, does he make any of that easier or harder?",text,"Harder, but not in a way he'd ever intend. He pulled me into his office today to show me how to close — it was a lesson in what not to do. He got a woman on the phone and spent the whole call talking down to her until he realized she was the decision-maker. I had to just stand there. So, yeah. Harder.",,False,False,30,2026-06-24 21:27:44.655437+00,He got a woman on the phone and spent the whole call talking down to her until he realized she was the decision-maker. I had to just stand there.,c900ca9f-e099-44fc-8c05-96f6d6cfe9da
The office 2,,60f847a2-4797-49bf-a029-4f51f4e0e115,completed,False,2026-06-24 21:24:10.353+00,2026-06-24 21:29:02.131+00,2026-06-24 21:24:01.303+00,4,2,ai_followup,When was the last time your manager said or did something that genuinely helped?,What did you do with that afterward?,text,"Walked back to my desk, mostly. I don't know what you're supposed to do with that. You can't exactly say ""great lesson, boss."" You just kind of absorb it and move on with your day.",,False,False,25,2026-06-24 21:28:09.976595+00,,c900ca9f-e099-44fc-8c05-96f6d6cfe9da
The office 2,,60f847a2-4797-49bf-a029-4f51f4e0e115,completed,False,2026-06-24 21:24:10.353+00,2026-06-24 21:29:02.131+00,2026-06-24 21:24:01.303+00,4,3,ai_followup,When was the last time your manager said or did something that genuinely helped?,Anything else on your mind that didn't come up?,text,"Not really. It's Friday, which helps. There's an end-of-week thing with some people from the office, so that's something to look forward to. The week ends, the branch may or may not exist in six months, and Michael's ""World's Best Boss"" mug is currently sitting in Jell-O on his desk. So, all things considered, not a bad day.",,False,False,25,2026-06-24 21:28:35.87099+00,"The week ends, the branch may or may not exist in six months... so, all things considered, not a bad day.",c900ca9f-e099-44fc-8c05-96f6d6cfe9da
The office 2,,3bdb54eb-f2a3-4aa9-8195-d9864f604454,completed,False,2026-06-24 21:24:14.296+00,2026-06-24 21:29:05.794+00,2026-06-24 21:24:05.216+00,0,0,base,How's work been this week?,How's work been this week?,mood,Not great,,False,False,17,2026-06-24 21:24:14.39299+00,,55f2591c-6df6-41da-80b2-89c09698d433
The office 2,,3bdb54eb-f2a3-4aa9-8195-d9864f604454,completed,False,2026-06-24 21:24:14.296+00,2026-06-24 21:29:05.794+00,2026-06-24 21:24:05.216+00,1,0,base,Got it. Is there anything that could make things better right now?,Got it. Is there anything that could make things better right now?,text,"It's been kind of a rough day, honestly. Michael pulled this ""prank"" where he pretended to fire me — like, I actually started to cry before he told me it was a joke. And then when I tried to mention I'd like a raise, he basically just told me to talk to HR and to ""be professional."" So. Yeah.",,False,False,16,2026-06-24 21:24:30.840542+00,I actually started to cry before he told me it was a joke,55f2591c-6df6-41da-80b2-89c09698d433
The office 2,,3bdb54eb-f2a3-4aa9-8195-d9864f604454,completed,False,2026-06-24 21:24:14.296+00,2026-06-24 21:29:05.794+00,2026-06-24 21:24:05.216+00,1,1,ai_followup,Got it. Is there anything that could make things better right now?,"How are you feeling now, sitting with all that?",text,"I mean... I'm okay. I think I'm more embarrassed than anything. Like, I cried, in front of Michael and the new temp, over something that turned out to be fake. That's hard to shake. The raise thing is whatever — I'm kind of used to that. The end of the day was better.",,False,False,30,2026-06-24 21:25:01.487104+00,,55f2591c-6df6-41da-80b2-89c09698d433
The office 2,,3bdb54eb-f2a3-4aa9-8195-d9864f604454,completed,False,2026-06-24 21:24:14.296+00,2026-06-24 21:29:05.794+00,2026-06-24 21:24:05.216+00,1,2,ai_followup,Got it. Is there anything that could make things better right now?,What made the end of the day better?,text,"I don't know, just... some people here are actually really nice. I ended up walking out with Jim from sales and we were just talking, and it sort of reset things a little. It's nice to feel like someone actually sees you, you know?",,False,False,25,2026-06-24 21:25:27.46998+00,,55f2591c-6df6-41da-80b2-89c09698d433
The office 2,,3bdb54eb-f2a3-4aa9-8195-d9864f604454,completed,False,2026-06-24 21:24:14.296+00,2026-06-24 21:29:05.794+00,2026-06-24 21:24:05.216+00,1,3,ai_followup,Got it. Is there anything that could make things better right now?,Does that kind of connection come up often here?,text,"Honestly, not that often. Most of it is just... work. But Jim's different, he's funny and he actually pays attention. Like, he noticed what flavor yogurt I was eating today. It's a small thing but it's the kind of thing that makes a long day feel a little less long.",,False,False,27,2026-06-24 21:25:54.413033+00,,55f2591c-6df6-41da-80b2-89c09698d433
The office 2,,3bdb54eb-f2a3-4aa9-8195-d9864f604454,completed,False,2026-06-24 21:24:14.296+00,2026-06-24 21:29:05.794+00,2026-06-24 21:24:05.216+00,3,1,ai_followup,Walk me through a piece of work from the last month that felt really yours.,"Shifting to the work itself, when does it feel like it actually matters?",text,"Honestly? Not that often, if I'm being real. Answering phones and sorting mail — it's fine, I do it well, but I'm not sure it matters that much to me personally. I think what matters more is the people. Like, being the first face someone sees when they walk in, and making that feel okay. That part I actually care about.",,False,False,29,2026-06-24 21:26:23.76952+00,"being the first face someone sees when they walk in, and making that feel okay. That part I actually care about.",55f2591c-6df6-41da-80b2-89c09698d433
The office 2,,3bdb54eb-f2a3-4aa9-8195-d9864f604454,completed,False,2026-06-24 21:24:14.296+00,2026-06-24 21:29:05.794+00,2026-06-24 21:24:05.216+00,3,2,ai_followup,Walk me through a piece of work from the last month that felt really yours.,"When did that feel most real, someone walking in and you actually made it okay?",text,"Today actually, a little bit. We had a new temp start — Ryan — and he came in kind of nervous. Michael immediately started doing impressions at him, which... was a lot. But before that, when Ryan first walked up to my desk, I could tell he was anxious, and I just tried to be calm and friendly. I hope that helped at least a little.",,False,False,26,2026-06-24 21:26:49.992075+00,,55f2591c-6df6-41da-80b2-89c09698d433
The office 2,,3bdb54eb-f2a3-4aa9-8195-d9864f604454,completed,False,2026-06-24 21:24:14.296+00,2026-06-24 21:29:05.794+00,2026-06-24 21:24:05.216+00,3,3,ai_followup,Walk me through a piece of work from the last month that felt really yours.,What does it take to notice something like that?,text,"I don't know, I think you just have to actually be looking. I sit at the front, I see everyone come in. After a while you get a feel for people. Ryan had that look like he was trying really hard to seem confident. It wasn't hard to notice — I think most people just weren't paying attention.",,False,False,29,2026-06-24 21:27:18.87763+00,I think most people just weren't paying attention,55f2591c-6df6-41da-80b2-89c09698d433
The office 2,,3bdb54eb-f2a3-4aa9-8195-d9864f604454,completed,False,2026-06-24 21:24:14.296+00,2026-06-24 21:29:05.794+00,2026-06-24 21:24:05.216+00,4,1,ai_followup,When was the last time your manager said or did something that genuinely helped?,"Speaking of being seen, how does Michael tend to make you feel at work?",text,"Michael means well, I think? But he doesn't really... see people the way he thinks he does. He noticed me enough to make a comment about how I looked a couple years ago in front of everyone on a tour. And then today with the whole fake-firing thing. He thought it was funny. I didn't really find it funny. It mostly just feels like being a prop sometimes.",,False,False,26,2026-06-24 21:27:45.559832+00,it mostly just feels like being a prop sometimes,55f2591c-6df6-41da-80b2-89c09698d433
The office 2,,3bdb54eb-f2a3-4aa9-8195-d9864f604454,completed,False,2026-06-24 21:24:14.296+00,2026-06-24 21:29:05.794+00,2026-06-24 21:24:05.216+00,4,2,ai_followup,When was the last time your manager said or did something that genuinely helped?,"Has there been a moment where it felt the opposite, like Michael actually saw you?",text,"Not really, no. Not today at least. I keep trying to think of one and I can't quite land on it. Which maybe says something.",,False,False,29,2026-06-24 21:28:14.869953+00,,55f2591c-6df6-41da-80b2-89c09698d433
The office 2,,3bdb54eb-f2a3-4aa9-8195-d9864f604454,completed,False,2026-06-24 21:24:14.296+00,2026-06-24 21:29:05.794+00,2026-06-24 21:24:05.216+00,4,3,ai_followup,When was the last time your manager said or did something that genuinely helped?,Anything else about today you want to put somewhere before we close?,text,"I guess just... there's a lot of uncertainty right now about the branch, whether we're even staying open. And that's kind of sitting in the background of everything. I don't really know what to do with it. But yeah. Today was a lot.",,False,False,22,2026-06-24 21:28:37.557424+00,"there's a lot of uncertainty right now about the branch, whether we're even staying open. And that's kind of sitting in the background of everything.",55f2591c-6df6-41da-80b2-89c09698d433
The office 2,,e9bfcdb3-6ff6-43ed-9701-ddd0e83fb919,completed,False,2026-06-24 21:28:39.149+00,2026-06-24 21:32:12.46+00,2026-06-24 21:28:21.84+00,0,0,base,How's work been this week?,How's work been this week?,mood,Okay,,False,False,26,2026-06-24 21:28:39.549157+00,,81155a0d-50ee-4ba1-a10a-014e7f0d618c
The office 2,,e9bfcdb3-6ff6-43ed-9701-ddd0e83fb919,completed,False,2026-06-24 21:28:39.149+00,2026-06-24 21:32:12.46+00,2026-06-24 21:28:21.84+00,1,0,base,Got it. Is there anything that could make things better right now?,Got it. Is there anything that could make things better right now?,text,Stronger enforcement of company policy regarding the destruction and sabotage of office equipment. My stapler was encased in Jell-O this morning — for the third time. This is not a joke. It is destruction of property and it should be treated as such. Management needs to act.,,False,False,12,2026-06-24 21:28:51.737158+00,My stapler was encased in Jell-O this morning — for the third time. This is not a joke.,81155a0d-50ee-4ba1-a10a-014e7f0d618c
The office 2,,e9bfcdb3-6ff6-43ed-9701-ddd0e83fb919,completed,False,2026-06-24 21:28:39.149+00,2026-06-24 21:32:12.46+00,2026-06-24 21:28:21.84+00,1,1,ai_followup,Got it. Is there anything that could make things better right now?,How are you holding up with all of this?,text,"Exactly. Three times is not an accident, it is a campaign. I have documented each incident. Jim Halpert is a clear and present danger to office morale and company assets. In my volunteer work as a sheriff's deputy, this level of repeat behavior would not be tolerated. But here, Michael laughed it off. That is a management failure.",,False,False,18,2026-06-24 21:29:09.861176+00,"Three times is not an accident, it is a campaign. I have documented each incident.",81155a0d-50ee-4ba1-a10a-014e7f0d618c
The office 2,,e9bfcdb3-6ff6-43ed-9701-ddd0e83fb919,completed,False,2026-06-24 21:28:39.149+00,2026-06-24 21:32:12.46+00,2026-06-24 21:28:21.84+00,1,2,ai_followup,Got it. Is there anything that could make things better right now?,What would a proper response from management actually look like to you?,text,"Michael treated it like entertainment. He laughed. He did not reprimand Jim. He did not fill out a disciplinary form. I requested formal action and was ignored. I am loyal to Michael and to this company, but a leader must lead. That is a simple fact.",,False,False,15,2026-06-24 21:29:25.12546+00,,81155a0d-50ee-4ba1-a10a-014e7f0d618c
The office 2,,e9bfcdb3-6ff6-43ed-9701-ddd0e83fb919,completed,False,2026-06-24 21:28:39.149+00,2026-06-24 21:32:12.46+00,2026-06-24 21:28:21.84+00,1,3,ai_followup,Got it. Is there anything that could make things better right now?,Does that gap come up in other parts of your work too?,text,"They are not in conflict. I am loyal to Michael AND I hold him to a high standard. That is what true loyalty means. Blind loyalty is weakness. I support him because he is my regional manager, but I will not pretend a management failure did not occur. He is better than this, and I expect more from him.",,False,False,19,2026-06-24 21:29:44.438203+00,"Blind loyalty is weakness. I support him because he is my regional manager, but I will not pretend a management failure did not occur.",81155a0d-50ee-4ba1-a10a-014e7f0d618c
The office 2,,e9bfcdb3-6ff6-43ed-9701-ddd0e83fb919,completed,False,2026-06-24 21:28:39.149+00,2026-06-24 21:32:12.46+00,2026-06-24 21:28:21.84+00,3,1,ai_followup,Walk me through a piece of work from the last month that felt really yours.,"Beyond the stapler situation, what part of your job actually energizes you?",text,"Correct. I was the top salesman here before I was promoted to Assistant to the Regional Manager. I don't let standards slip just because the environment is casual. I am also a volunteer sheriff's deputy on weekends — in that role, you cannot cut corners. I bring that same discipline here, even if others do not.",,False,False,21,2026-06-24 21:30:06.200062+00,I don't let standards slip just because the environment is casual.,81155a0d-50ee-4ba1-a10a-014e7f0d618c
The office 2,,e9bfcdb3-6ff6-43ed-9701-ddd0e83fb919,completed,False,2026-06-24 21:28:39.149+00,2026-06-24 21:32:12.46+00,2026-06-24 21:28:21.84+00,3,2,ai_followup,Walk me through a piece of work from the last month that felt really yours.,When did that standard actually make a difference at work?,text,,,True,False,17,2026-06-24 21:30:23.428933+00,,81155a0d-50ee-4ba1-a10a-014e7f0d618c
The office 2,,e9bfcdb3-6ff6-43ed-9701-ddd0e83fb919,completed,False,2026-06-24 21:28:39.149+00,2026-06-24 21:32:12.46+00,2026-06-24 21:28:21.84+00,3,3,ai_followup,Walk me through a piece of work from the last month that felt really yours.,"No worries, anything else on your mind today?",text,"The potential downsizing. Corporate has not decided which branch closes — Stamford or ours. I personally support downsizing. I have recommended it since I was hired. Dead weight should be cut. I am not worried about my own position — I am essential. But people here need clear answers, not Michael avoiding the question.",,False,False,15,2026-06-24 21:30:38.692167+00,,81155a0d-50ee-4ba1-a10a-014e7f0d618c
The office 2,,e9bfcdb3-6ff6-43ed-9701-ddd0e83fb919,completed,False,2026-06-24 21:28:39.149+00,2026-06-24 21:32:12.46+00,2026-06-24 21:28:21.84+00,4,1,ai_followup,When was the last time your manager said or did something that genuinely helped?,Stepping back: does Michael generally have your back when things get difficult?,text,"Yes. Michael has my back. He promoted me to Assistant to the Regional Manager, which is a position of tremendous trust. Today was not his finest moment, but I do not judge a man on one day. Michael Scott is my regional manager and I stand behind him. That is my final answer on this topic.",,False,False,25,2026-06-24 21:31:04.572766+00,,81155a0d-50ee-4ba1-a10a-014e7f0d618c
The office 2,,e9bfcdb3-6ff6-43ed-9701-ddd0e83fb919,completed,False,2026-06-24 21:28:39.149+00,2026-06-24 21:32:12.46+00,2026-06-24 21:28:21.84+00,4,2,ai_followup,When was the last time your manager said or did something that genuinely helped?,"On the downsizing, what would 'clear answers' from him look like?",text,,,True,False,16,2026-06-24 21:31:20.82209+00,,81155a0d-50ee-4ba1-a10a-014e7f0d618c
The office 2,,e9bfcdb3-6ff6-43ed-9701-ddd0e83fb919,completed,False,2026-06-24 21:28:39.149+00,2026-06-24 21:32:12.46+00,2026-06-24 21:28:21.84+00,4,3,ai_followup,When was the last time your manager said or did something that genuinely helped?,Anything else you want to add before we wrap up?,text,Just this: I am committed to Dunder Mifflin and to this branch. I will continue to perform at the highest level regardless of what happens with Stamford. And I am filing a formal incident report about the stapler. In writing. Today.,,False,False,26,2026-06-24 21:31:47.421425+00,I am filing a formal incident report about the stapler. In writing. Today.,81155a0d-50ee-4ba1-a10a-014e7f0d618c
The office 2,,faa763bd-f0f9-4832-b1fd-c5f71b504342,completed,False,2026-06-24 21:29:48.145+00,2026-06-24 21:35:49.192+00,2026-06-24 21:29:38.262+00,0,0,base,How's work been this week?,How's work been this week?,mood,Not great,,False,False,18,2026-06-24 21:29:48.282779+00,,d15f12a9-af93-4e02-83a0-01ac4c8bf12e
The office 2,,faa763bd-f0f9-4832-b1fd-c5f71b504342,completed,False,2026-06-24 21:29:48.145+00,2026-06-24 21:35:49.192+00,2026-06-24 21:29:38.262+00,1,0,base,Got it. Is there anything that could make things better right now?,Got it. Is there anything that could make things better right now?,text,Honestly? It's my first day and I already heard this branch might get shut down. That's... a lot to process before lunch. I don't really know enough yet to say more than that.,,False,False,11,2026-06-24 21:29:59.669948+00,It's my first day and I already heard this branch might get shut down. That's... a lot to process before lunch.,d15f12a9-af93-4e02-83a0-01ac4c8bf12e
The office 2,,faa763bd-f0f9-4832-b1fd-c5f71b504342,completed,False,2026-06-24 21:29:48.145+00,2026-06-24 21:35:49.192+00,2026-06-24 21:29:38.262+00,1,1,ai_followup,Got it. Is there anything that could make things better right now?,"What's your read on things so far, gut feeling?",text,"Gut feeling? I don't know. The manager seems... enthusiastic. Everyone else seems used to it. I'm just trying to get my bearings, so I'm reserving judgment. Ask me again in a week if I'm still here.",,False,False,56,2026-06-24 21:30:55.776381+00,,d15f12a9-af93-4e02-83a0-01ac4c8bf12e
The office 2,,faa763bd-f0f9-4832-b1fd-c5f71b504342,completed,False,2026-06-24 21:29:48.145+00,2026-06-24 21:35:49.192+00,2026-06-24 21:29:38.262+00,1,2,ai_followup,Got it. Is there anything that could make things better right now?,"Makes sense, so what's one thing you're hoping to figure out today?",text,Whether this place is actually going to be open next month. That seems like the most pressing thing to figure out right now.,,False,False,53,2026-06-24 21:31:49.676255+00,,d15f12a9-af93-4e02-83a0-01ac4c8bf12e
The office 2,,faa763bd-f0f9-4832-b1fd-c5f71b504342,completed,False,2026-06-24 21:29:48.145+00,2026-06-24 21:35:49.192+00,2026-06-24 21:29:38.262+00,1,3,ai_followup,Got it. Is there anything that could make things better right now?,Anything that's given you a reason to stay curious today?,text,"I mean, the people are... interesting. Someone put their coworker's stapler in Jell-O and the manager thought it was hilarious. You don't see that every day. So yeah, curious is one word for it.",,False,False,56,2026-06-24 21:32:45.616462+00,,d15f12a9-af93-4e02-83a0-01ac4c8bf12e
The office 2,,faa763bd-f0f9-4832-b1fd-c5f71b504342,completed,False,2026-06-24 21:29:48.145+00,2026-06-24 21:35:49.192+00,2026-06-24 21:29:38.262+00,3,1,ai_followup,Walk me through a piece of work from the last month that felt really yours.,"Beyond figuring out the branch situation, what were you hoping the actual work here would feel like?",text,"Honestly I just came through a temp agency, so I wasn't expecting much. Maybe something straightforward — answer phones, file things, nothing dramatic. It's already been more eventful than I anticipated.",,False,False,45,2026-06-24 21:33:31.128752+00,It's already been more eventful than I anticipated.,d15f12a9-af93-4e02-83a0-01ac4c8bf12e
The office 2,,faa763bd-f0f9-4832-b1fd-c5f71b504342,completed,False,2026-06-24 21:29:48.145+00,2026-06-24 21:35:49.192+00,2026-06-24 21:29:38.262+00,3,2,ai_followup,Walk me through a piece of work from the last month that felt really yours.,What's felt most disorienting so far?,text,"I got pulled into something I didn't really ask to be a part of — I'd rather not get into specifics — and it made me feel kind of uncomfortable. Like, I'm the new guy, what am I supposed to do in that situation? I just kind of went along with it and I'm not sure that was the right call.",,False,False,20,2026-06-24 21:33:51.516879+00,"I'm the new guy, what am I supposed to do in that situation? I just kind of went along with it and I'm not sure that was the right call.",d15f12a9-af93-4e02-83a0-01ac4c8bf12e
The office 2,,faa763bd-f0f9-4832-b1fd-c5f71b504342,completed,False,2026-06-24 21:29:48.145+00,2026-06-24 21:35:49.192+00,2026-06-24 21:29:38.262+00,3,3,ai_followup,Walk me through a piece of work from the last month that felt really yours.,"When you're second-guessing it now, what does 'the right call' look like to you?",text,"Probably just... not playing along. Or at least saying something to the person who was on the receiving end of it. I didn't do either of those things. I kind of froze up. It's day one, I'm still figuring out the chain of command here.",,False,False,25,2026-06-24 21:34:16.749182+00,,d15f12a9-af93-4e02-83a0-01ac4c8bf12e
The office 2,,faa763bd-f0f9-4832-b1fd-c5f71b504342,completed,False,2026-06-24 21:29:48.145+00,2026-06-24 21:35:49.192+00,2026-06-24 21:29:38.262+00,4,1,ai_followup,When was the last time your manager said or did something that genuinely helped?,"Your manager, how much have you actually been able to read them so far?",text,"More than I expected to in one day, honestly. He made a bunch of impressions when I walked in. He really wants people to think he's funny. I think he wants to be liked a lot. That's about as far as I've gotten.",,False,False,21,2026-06-24 21:34:38.273622+00,,d15f12a9-af93-4e02-83a0-01ac4c8bf12e
The office 2,,faa763bd-f0f9-4832-b1fd-c5f71b504342,completed,False,2026-06-24 21:29:48.145+00,2026-06-24 21:35:49.192+00,2026-06-24 21:29:38.262+00,4,2,ai_followup,When was the last time your manager said or did something that genuinely helped?,Did that change how easy it was to know what to do in that moment?,text,"Yeah, it did. You can tell pretty quickly when someone needs the validation, and it makes it harder to be the one who steps out of line. I didn't want to be the new guy who tanks the vibe on day one. So I went along with it. Which, again, I'm not proud of.",,False,False,25,2026-06-24 21:35:03.640536+00,"I didn't want to be the new guy who tanks the vibe on day one. So I went along with it. Which, again, I'm not proud of.",d15f12a9-af93-4e02-83a0-01ac4c8bf12e
The office 2,,faa763bd-f0f9-4832-b1fd-c5f71b504342,completed,False,2026-06-24 21:29:48.145+00,2026-06-24 21:35:49.192+00,2026-06-24 21:29:38.262+00,4,3,ai_followup,When was the last time your manager said or did something that genuinely helped?,Anything else on your mind you haven't had a chance to say?,text,Not really. I think I just need to see how tomorrow goes and whether any of this is going to be a regular thing. It's a lot to take in for a first day. I've temped a few places and this is... different.,,False,False,20,2026-06-24 21:35:24.285083+00,I've temped a few places and this is... different.,d15f12a9-af93-4e02-83a0-01ac4c8bf12e
The office 2,,234d1f46-3327-47f3-8c7c-543cf7677d2b,completed,False,2026-06-24 21:29:58.874+00,2026-06-24 21:35:08.961+00,2026-06-24 21:29:44.813+00,0,0,base,How's work been this week?,How's work been this week?,mood,Not great,,False,False,31,2026-06-24 21:29:59.076641+00,,02615fad-063f-4888-aac1-e14b4f80fcb0
The office 2,,234d1f46-3327-47f3-8c7c-543cf7677d2b,completed,False,2026-06-24 21:29:58.874+00,2026-06-24 21:35:08.961+00,2026-06-24 21:29:44.813+00,1,0,base,Got it. Is there anything that could make things better right now?,Got it. Is there anything that could make things better right now?,text,"There are some significant decisions on the table right now that affect a lot of people, and it's not easy to be the one carrying that information. I'm doing my job and I'm doing it professionally, but that doesn't mean it's weightless.",,False,False,13,2026-06-24 21:30:12.327554+00,"I'm doing my job and I'm doing it professionally, but that doesn't mean it's weightless.",02615fad-063f-4888-aac1-e14b4f80fcb0
The office 2,,234d1f46-3327-47f3-8c7c-543cf7677d2b,completed,False,2026-06-24 21:29:58.874+00,2026-06-24 21:35:08.961+00,2026-06-24 21:29:44.813+00,1,1,ai_followup,Got it. Is there anything that could make things better right now?,How are you holding up with it?,text,"I'm managing. That's what you do in this role. You compartmentalize, you stay focused on the outcome, and you trust that the process, however uncomfortable, is the right one.",,False,False,24,2026-06-24 21:30:36.861143+00,,02615fad-063f-4888-aac1-e14b4f80fcb0
The office 2,,234d1f46-3327-47f3-8c7c-543cf7677d2b,completed,False,2026-06-24 21:29:58.874+00,2026-06-24 21:35:08.961+00,2026-06-24 21:29:44.813+00,1,2,ai_followup,Got it. Is there anything that could make things better right now?,Is there anything making it easier right now?,text,"Honestly, having a clear directive helps. I know what I need to do and why. The ambiguity is harder to sit with than the task itself.",,False,False,48,2026-06-24 21:31:25.158341+00,The ambiguity is harder to sit with than the task itself.,02615fad-063f-4888-aac1-e14b4f80fcb0
The office 2,,234d1f46-3327-47f3-8c7c-543cf7677d2b,completed,False,2026-06-24 21:29:58.874+00,2026-06-24 21:35:08.961+00,2026-06-24 21:29:44.813+00,1,3,ai_followup,Got it. Is there anything that could make things better right now?,Makes sense. What does a good day look like for you right now?,text,"Yes. When the board gives me a clear mandate, I can execute. That's the part I'm good at. It's the gray areas that drain you.",,False,False,19,2026-06-24 21:31:45.479819+00,It's the gray areas that drain you.,02615fad-063f-4888-aac1-e14b4f80fcb0
The office 2,,234d1f46-3327-47f3-8c7c-543cf7677d2b,completed,False,2026-06-24 21:29:58.874+00,2026-06-24 21:35:08.961+00,2026-06-24 21:29:44.813+00,3,1,ai_followup,Walk me through a piece of work from the last month that felt really yours.,"Beyond this week, what part of the work genuinely engages you?",text,"The strategic side, honestly. Evaluating what's working across the branches, making recommendations that actually shape the direction of the company. When the analysis is solid and the decision is sound, that's genuinely satisfying work.",,False,False,46,2026-06-24 21:32:32.833692+00,"When the analysis is solid and the decision is sound, that's genuinely satisfying work.",02615fad-063f-4888-aac1-e14b4f80fcb0
The office 2,,234d1f46-3327-47f3-8c7c-543cf7677d2b,completed,False,2026-06-24 21:29:58.874+00,2026-06-24 21:35:08.961+00,2026-06-24 21:29:44.813+00,3,2,ai_followup,Walk me through a piece of work from the last month that felt really yours.,When did you last feel that click into place?,text,"A few months ago, actually. We completed a branch performance review and the data pointed clearly in one direction. The recommendation I brought to the board was airtight and they acted on it. That kind of clarity doesn't happen as often as you'd like.",,False,False,45,2026-06-24 21:33:18.453726+00,,02615fad-063f-4888-aac1-e14b4f80fcb0
The office 2,,234d1f46-3327-47f3-8c7c-543cf7677d2b,completed,False,2026-06-24 21:29:58.874+00,2026-06-24 21:35:08.961+00,2026-06-24 21:29:44.813+00,3,3,ai_followup,Walk me through a piece of work from the last month that felt really yours.,What gets in the way of that happening more often?,text,,,True,False,12,2026-06-24 21:33:30.892919+00,,02615fad-063f-4888-aac1-e14b4f80fcb0
The office 2,,234d1f46-3327-47f3-8c7c-543cf7677d2b,completed,False,2026-06-24 21:29:58.874+00,2026-06-24 21:35:08.961+00,2026-06-24 21:29:44.813+00,4,1,ai_followup,When was the last time your manager said or did something that genuinely helped?,"Thinking about who you report to, how present are they when you're navigating the harder stretches?",text,"The board is accessible when I need them, but they give me the latitude to do my job. I don't need hand-holding, and frankly I wouldn't want it. What I need is for decisions to get made when I escalate them, and that generally happens.",,False,False,53,2026-06-24 21:34:24.319503+00,"I don't need hand-holding, and frankly I wouldn't want it.",02615fad-063f-4888-aac1-e14b4f80fcb0
The office 2,,234d1f46-3327-47f3-8c7c-543cf7677d2b,completed,False,2026-06-24 21:29:58.874+00,2026-06-24 21:35:08.961+00,2026-06-24 21:29:44.813+00,4,2,ai_followup,When was the last time your manager said or did something that genuinely helped?,Has there been a moment when a decision didn't come back fast enough?,text,,,True,False,11,2026-06-24 21:34:35.458084+00,,02615fad-063f-4888-aac1-e14b4f80fcb0
The office 2,,234d1f46-3327-47f3-8c7c-543cf7677d2b,completed,False,2026-06-24 21:29:58.874+00,2026-06-24 21:35:08.961+00,2026-06-24 21:29:44.813+00,4,3,ai_followup,When was the last time your manager said or did something that genuinely helped?,Anything on your mind that we didn't get to?,text,,,True,False,11,2026-06-24 21:34:46.66133+00,,02615fad-063f-4888-aac1-e14b4f80fcb0
The office 2,,11cb2d42-6a16-444f-856d-b6a59d14e6d9,completed,False,2026-06-24 21:33:01.42+00,2026-06-24 21:37:16.221+00,2026-06-24 21:32:48.499+00,0,0,base,How's work been this week?,How's work been this week?,mood,Not great,,False,False,25,2026-06-24 21:33:01.554751+00,,bba2f2aa-4562-4c50-b7a7-35a319de964d
The office 2,,11cb2d42-6a16-444f-856d-b6a59d14e6d9,completed,False,2026-06-24 21:33:01.42+00,2026-06-24 21:37:16.221+00,2026-06-24 21:32:48.499+00,1,0,base,Got it. Is there anything that could make things better right now?,Got it. Is there anything that could make things better right now?,text,The whole downsizing situation. Michael stood up there making promises he clearly can't keep. Nobody could actually confirm our jobs are safe. I've got a mortgage. That weighs on you.,,False,False,11,2026-06-24 21:33:13.161901+00,Nobody could actually confirm our jobs are safe. I've got a mortgage. That weighs on you.,bba2f2aa-4562-4c50-b7a7-35a319de964d
The office 2,,11cb2d42-6a16-444f-856d-b6a59d14e6d9,completed,False,2026-06-24 21:33:01.42+00,2026-06-24 21:37:16.221+00,2026-06-24 21:32:48.499+00,1,1,ai_followup,Got it. Is there anything that could make things better right now?,How are you holding up day to day with that hanging over you?,text,"When you've got a family depending on you, ""don't worry about it"" isn't an answer. I asked Michael directly if our jobs were safe. He smiled and said yes. That's not a guarantee. That's Michael.",,False,False,17,2026-06-24 21:33:30.348207+00,,bba2f2aa-4562-4c50-b7a7-35a319de964d
The office 2,,11cb2d42-6a16-444f-856d-b6a59d14e6d9,completed,False,2026-06-24 21:33:01.42+00,2026-06-24 21:37:16.221+00,2026-06-24 21:32:48.499+00,1,2,ai_followup,Got it. Is there anything that could make things better right now?,What's keeping you going through it?,text,"No, it is not. I've been here long enough to know the difference between someone who has information and someone who is just filling the silence. Michael was filling the silence.",,False,False,18,2026-06-24 21:33:49.361943+00,Michael was filling the silence.,bba2f2aa-4562-4c50-b7a7-35a319de964d
The office 2,,11cb2d42-6a16-444f-856d-b6a59d14e6d9,completed,False,2026-06-24 21:33:01.42+00,2026-06-24 21:37:16.221+00,2026-06-24 21:32:48.499+00,1,3,ai_followup,Got it. Is there anything that could make things better right now?,That's a lot to carry into a workweek.,text,,,True,False,14,2026-06-24 21:34:03.202859+00,,bba2f2aa-4562-4c50-b7a7-35a319de964d
The office 2,,11cb2d42-6a16-444f-856d-b6a59d14e6d9,completed,False,2026-06-24 21:33:01.42+00,2026-06-24 21:37:16.221+00,2026-06-24 21:32:48.499+00,3,1,ai_followup,Walk me through a piece of work from the last month that felt really yours.,"Amid all that noise, does the work itself still feel worth doing?",text,"I sell paper. It pays my bills. That's what makes it worth doing. The noise doesn't help, but I show up, I do my job, and I go home. That's the deal.",,False,False,17,2026-06-24 21:34:20.853888+00,I sell paper. It pays my bills. That's what makes it worth doing.,bba2f2aa-4562-4c50-b7a7-35a319de964d
The office 2,,11cb2d42-6a16-444f-856d-b6a59d14e6d9,completed,False,2026-06-24 21:33:01.42+00,2026-06-24 21:37:16.221+00,2026-06-24 21:32:48.499+00,3,2,ai_followup,Walk me through a piece of work from the last month that felt really yours.,What does a good day at work actually look like for you?,text,"Phones get answered, orders go through, nobody calls a pointless meeting, and I leave at five. That's a good day.",,False,False,18,2026-06-24 21:34:38.849849+00,"Phones get answered, orders go through, nobody calls a pointless meeting, and I leave at five. That's a good day.",bba2f2aa-4562-4c50-b7a7-35a319de964d
The office 2,,11cb2d42-6a16-444f-856d-b6a59d14e6d9,completed,False,2026-06-24 21:33:01.42+00,2026-06-24 21:37:16.221+00,2026-06-24 21:32:48.499+00,3,3,ai_followup,Walk me through a piece of work from the last month that felt really yours.,Is there any part of the job you're actually good at and know it?,text,,,True,False,20,2026-06-24 21:34:59.448078+00,,bba2f2aa-4562-4c50-b7a7-35a319de964d
The office 2,,11cb2d42-6a16-444f-856d-b6a59d14e6d9,completed,False,2026-06-24 21:33:01.42+00,2026-06-24 21:37:16.221+00,2026-06-24 21:32:48.499+00,4,1,ai_followup,When was the last time your manager said or did something that genuinely helped?,When was the last time your manager said or did something that genuinely helped?,text,,,True,False,12,2026-06-24 21:35:11.675377+00,,bba2f2aa-4562-4c50-b7a7-35a319de964d
The office 2,,11cb2d42-6a16-444f-856d-b6a59d14e6d9,completed,False,2026-06-24 21:33:01.42+00,2026-06-24 21:37:16.221+00,2026-06-24 21:32:48.499+00,4,2,ai_followup,When was the last time your manager said or did something that genuinely helped?,Does Michael ever get in the way of that?,text,"Every day. The man cannot let a Tuesday just be a Tuesday. There's always something. A meeting, an announcement, a game. All I want to do is work my territory and go home.",,False,False,18,2026-06-24 21:35:30.604332+00,The man cannot let a Tuesday just be a Tuesday.,bba2f2aa-4562-4c50-b7a7-35a319de964d
The office 2,,11cb2d42-6a16-444f-856d-b6a59d14e6d9,completed,False,2026-06-24 21:33:01.42+00,2026-06-24 21:37:16.221+00,2026-06-24 21:32:48.499+00,4,3,ai_followup,When was the last time your manager said or did something that genuinely helped?,Anything else on your mind that we didn't get to?,text,Just that somebody up at corporate should send a clear memo. Not Michael's version of things. A straight answer about whether this branch is staying open. That's all I need.,,False,False,54,2026-06-24 21:36:24.629612+00,,bba2f2aa-4562-4c50-b7a7-35a319de964d
The office 2,,1746a8a4-845f-41c1-bd7c-c476287ec2fe,completed,False,2026-06-24 21:36:00.596+00,2026-06-24 21:39:38.825+00,2026-06-24 21:35:48.369+00,0,0,base,How's work been this week?,How's work been this week?,mood,Not great,,False,False,31,2026-06-24 21:36:00.790596+00,,8190f7a0-7da7-4bfb-9c21-9c2aef552ac1
The office 2,,1746a8a4-845f-41c1-bd7c-c476287ec2fe,completed,False,2026-06-24 21:36:00.596+00,2026-06-24 21:39:38.825+00,2026-06-24 21:35:48.369+00,1,0,base,Got it. Is there anything that could make things better right now?,Got it. Is there anything that could make things better right now?,text,"Honestly, the uncertainty about the potential downsizing. I asked Michael directly if our jobs were safe, and his answer wasn't exactly reassuring. It's hard to focus on the day-to-day work when you don't know if this branch is even going to exist in a few months.",,False,False,12,2026-06-24 21:36:12.84723+00,,8190f7a0-7da7-4bfb-9c21-9c2aef552ac1
The office 2,,1746a8a4-845f-41c1-bd7c-c476287ec2fe,completed,False,2026-06-24 21:36:00.596+00,2026-06-24 21:39:38.825+00,2026-06-24 21:35:48.369+00,1,1,ai_followup,Got it. Is there anything that could make things better right now?,"Has anything this week felt solid, even a little?",text,"The actual work itself is fine — the numbers don't lie, and that part I can control. It's everything around it that feels uncertain right now.",,False,False,33,2026-06-24 21:36:46.064852+00,"The actual work itself is fine — the numbers don't lie, and that part I can control.",8190f7a0-7da7-4bfb-9c21-9c2aef552ac1
The office 2,,1746a8a4-845f-41c1-bd7c-c476287ec2fe,completed,False,2026-06-24 21:36:00.596+00,2026-06-24 21:39:38.825+00,2026-06-24 21:35:48.369+00,1,2,ai_followup,Got it. Is there anything that could make things better right now?,Makes sense to lean on what you can control.,text,Pretty much. The accounts receivable isn't going to reorganize itself based on corporate's mood.,,False,False,25,2026-06-24 21:37:11.409099+00,The accounts receivable isn't going to reorganize itself based on corporate's mood.,8190f7a0-7da7-4bfb-9c21-9c2aef552ac1
The office 2,,1746a8a4-845f-41c1-bd7c-c476287ec2fe,completed,False,2026-06-24 21:36:00.596+00,2026-06-24 21:39:38.825+00,2026-06-24 21:35:48.369+00,1,3,ai_followup,Got it. Is there anything that could make things better right now?,"Before we dig in properly, how long have you been in this role?",text,"I've been here several years. Long enough to know how things work around here, which is part of why this whole situation is concerning to me.",,False,False,19,2026-06-24 21:37:30.317804+00,,8190f7a0-7da7-4bfb-9c21-9c2aef552ac1
The office 2,,1746a8a4-845f-41c1-bd7c-c476287ec2fe,completed,False,2026-06-24 21:36:00.596+00,2026-06-24 21:39:38.825+00,2026-06-24 21:35:48.369+00,3,1,ai_followup,Walk me through a piece of work from the last month that felt really yours.,What part of the work still feels worth doing well?,text,"I know when management is being evasive, and today was a pretty clear example of that.",,False,False,19,2026-06-24 21:37:49.934996+00,"I know when management is being evasive, and today was a pretty clear example of that.",8190f7a0-7da7-4bfb-9c21-9c2aef552ac1
The office 2,,1746a8a4-845f-41c1-bd7c-c476287ec2fe,completed,False,2026-06-24 21:36:00.596+00,2026-06-24 21:39:38.825+00,2026-06-24 21:35:48.369+00,3,2,ai_followup,Walk me through a piece of work from the last month that felt really yours.,"Even so, last time you left work feeling like you'd done something well, what was it?",text,,,True,False,14,2026-06-24 21:38:04.673298+00,,8190f7a0-7da7-4bfb-9c21-9c2aef552ac1
The office 2,,1746a8a4-845f-41c1-bd7c-c476287ec2fe,completed,False,2026-06-24 21:36:00.596+00,2026-06-24 21:39:38.825+00,2026-06-24 21:35:48.369+00,3,3,ai_followup,Walk me through a piece of work from the last month that felt really yours.,Anything you'd want leadership to actually hear right now?,text,"Just be straight with us. We're adults. If this branch is at risk, say so — don't give us vague reassurances that clearly aren't backed up by anything. People can handle bad news better than they can handle being kept in the dark.",,False,False,21,2026-06-24 21:38:25.708721+00,People can handle bad news better than they can handle being kept in the dark.,8190f7a0-7da7-4bfb-9c21-9c2aef552ac1
The office 2,,1746a8a4-845f-41c1-bd7c-c476287ec2fe,completed,False,2026-06-24 21:36:00.596+00,2026-06-24 21:39:38.825+00,2026-06-24 21:35:48.369+00,4,1,ai_followup,When was the last time your manager said or did something that genuinely helped?,"How would you describe your relationship with Michael day-to-day, outside of this situation?",text,"Michael means well, I think. But day-to-day, it's a lot of managing around him rather than working with him. He's friendly, just not always... effective. You learn to calibrate your expectations.",,False,False,20,2026-06-24 21:38:46.371581+00,it's a lot of managing around him rather than working with him,8190f7a0-7da7-4bfb-9c21-9c2aef552ac1
The office 2,,1746a8a4-845f-41c1-bd7c-c476287ec2fe,completed,False,2026-06-24 21:36:00.596+00,2026-06-24 21:39:38.825+00,2026-06-24 21:35:48.369+00,4,2,ai_followup,When was the last time your manager said or did something that genuinely helped?,"When did you last have to do that, route around Michael to get something done?",text,,,True,False,14,2026-06-24 21:39:00.622355+00,,8190f7a0-7da7-4bfb-9c21-9c2aef552ac1
The office 2,,1746a8a4-845f-41c1-bd7c-c476287ec2fe,completed,False,2026-06-24 21:36:00.596+00,2026-06-24 21:39:38.825+00,2026-06-24 21:35:48.369+00,4,3,ai_followup,When was the last time your manager said or did something that genuinely helped?,Anything else on your mind that we didn't get to?,text,,,True,False,14,2026-06-24 21:39:14.655656+00,,8190f7a0-7da7-4bfb-9c21-9c2aef552ac1
The office 2,,c96d856d-773f-4f63-91ef-17c7b08e6d55,completed,False,2026-06-24 21:36:31.393+00,2026-06-24 21:44:07.405+00,2026-06-24 21:36:22.856+00,0,0,base,How's work been this week?,How's work been this week?,mood,Not great,,False,False,22,2026-06-24 21:36:31.618626+00,,1ce44200-ed64-492c-b80d-fdbac915de9b
The office 2,,c96d856d-773f-4f63-91ef-17c7b08e6d55,completed,False,2026-06-24 21:36:31.393+00,2026-06-24 21:44:07.405+00,2026-06-24 21:36:22.856+00,1,0,base,Got it. Is there anything that could make things better right now?,Got it. Is there anything that could make things better right now?,text,"The announcement about potential downsizing was unsettling. Michael did not handle it well, and there was a great deal of unnecessary drama in that meeting. I prefer to work in a professional environment, and today was not that.",,False,False,9,2026-06-24 21:36:41.5097+00,there was a great deal of unnecessary drama in that meeting,1ce44200-ed64-492c-b80d-fdbac915de9b
The office 2,,c96d856d-773f-4f63-91ef-17c7b08e6d55,completed,False,2026-06-24 21:36:31.393+00,2026-06-24 21:44:07.405+00,2026-06-24 21:36:22.856+00,1,1,ai_followup,Got it. Is there anything that could make things better right now?,How are you feeling now that it's behind you?,text,I returned to my desk and got back to work. That is how I cope. I don't dwell.,,False,False,46,2026-06-24 21:37:27.690056+00,,1ce44200-ed64-492c-b80d-fdbac915de9b
The office 2,,c96d856d-773f-4f63-91ef-17c7b08e6d55,completed,False,2026-06-24 21:36:31.393+00,2026-06-24 21:44:07.405+00,2026-06-24 21:36:22.856+00,1,2,ai_followup,Got it. Is there anything that could make things better right now?,What were you working on when you got back to your desk?,text,Accounts receivable. It doesn't stop just because management decides to have a crisis.,,False,False,47,2026-06-24 21:38:15.534085+00,,1ce44200-ed64-492c-b80d-fdbac915de9b
The office 2,,c96d856d-773f-4f63-91ef-17c7b08e6d55,completed,False,2026-06-24 21:36:31.393+00,2026-06-24 21:44:07.405+00,2026-06-24 21:36:22.856+00,1,3,ai_followup,Got it. Is there anything that could make things better right now?,Does that kind of routine work usually help you reset?,text,"I wouldn't call it ""resetting."" I simply do my job regardless of what is happening around me. That is called professionalism.",,False,False,48,2026-06-24 21:39:03.8304+00,I simply do my job regardless of what is happening around me. That is called professionalism.,1ce44200-ed64-492c-b80d-fdbac915de9b
The office 2,,c96d856d-773f-4f63-91ef-17c7b08e6d55,completed,False,2026-06-24 21:36:31.393+00,2026-06-24 21:44:07.405+00,2026-06-24 21:36:22.856+00,3,1,ai_followup,Walk me through a piece of work from the last month that felt really yours.,"Beyond getting it done, is there work here that genuinely engages you?",text,I find the accounting work genuinely satisfying. Numbers are precise. They don't have feelings or opinions. I appreciate that.,,False,False,46,2026-06-24 21:39:50.453713+00,Numbers are precise. They don't have feelings or opinions. I appreciate that.,1ce44200-ed64-492c-b80d-fdbac915de9b
The office 2,,c96d856d-773f-4f63-91ef-17c7b08e6d55,completed,False,2026-06-24 21:36:31.393+00,2026-06-24 21:44:07.405+00,2026-06-24 21:36:22.856+00,3,2,ai_followup,Walk me through a piece of work from the last month that felt really yours.,What's a recent piece of work that felt particularly satisfying to finish?,text,,,True,False,45,2026-06-24 21:40:35.598603+00,,1ce44200-ed64-492c-b80d-fdbac915de9b
The office 2,,c96d856d-773f-4f63-91ef-17c7b08e6d55,completed,False,2026-06-24 21:36:31.393+00,2026-06-24 21:44:07.405+00,2026-06-24 21:36:22.856+00,3,3,ai_followup,Walk me through a piece of work from the last month that felt really yours.,Is that what drew you to accounting originally?,text,Yes. I have always preferred order. Accounting made sense to me from the start. There is a right answer and a wrong answer. I find that comforting.,,False,False,21,2026-06-24 21:40:57.300419+00,,1ce44200-ed64-492c-b80d-fdbac915de9b
The office 2,,c96d856d-773f-4f63-91ef-17c7b08e6d55,completed,False,2026-06-24 21:36:31.393+00,2026-06-24 21:44:07.405+00,2026-06-24 21:36:22.856+00,4,1,ai_followup,When was the last time your manager said or did something that genuinely helped?,"How does your manager usually handle the messier, less predictable moments at work?",text,"Not well. Michael tends to make things worse by trying to make everyone feel better. Today was a perfect example. A simple, direct announcement would have taken five minutes. Instead it became a production.",,False,False,47,2026-06-24 21:41:45.823966+00,"A simple, direct announcement would have taken five minutes. Instead it became a production.",1ce44200-ed64-492c-b80d-fdbac915de9b
The office 2,,c96d856d-773f-4f63-91ef-17c7b08e6d55,completed,False,2026-06-24 21:36:31.393+00,2026-06-24 21:44:07.405+00,2026-06-24 21:36:22.856+00,4,2,ai_followup,When was the last time your manager said or did something that genuinely helped?,What did Michael actually do that made it a production?,text,He called everyone into the conference room and then spent the whole time reassuring us instead of giving us facts. Dwight argued about his title. People were asking direct questions and not getting direct answers. It was not a good use of anyone's time.,,False,False,46,2026-06-24 21:42:34.570755+00,,1ce44200-ed64-492c-b80d-fdbac915de9b
The office 2,,c96d856d-773f-4f63-91ef-17c7b08e6d55,completed,False,2026-06-24 21:36:31.393+00,2026-06-24 21:44:07.405+00,2026-06-24 21:36:22.856+00,4,3,ai_followup,When was the last time your manager said or did something that genuinely helped?,"Anything else about today, or work in general, that you'd want on the record?",text,"I would like it noted that the accounting department remained productive throughout. Whatever happens with corporate, our books are in order.",,False,False,41,2026-06-24 21:43:15.773698+00,"whatever happens with corporate, our books are in order.",1ce44200-ed64-492c-b80d-fdbac915de9b
The office 2,,5339cb45-f4c2-40ad-a641-c992c1dc4011,completed,False,2026-06-24 21:37:51.874+00,2026-06-24 21:45:55.802+00,2026-06-24 21:37:44.244+00,0,0,base,How's work been this week?,How's work been this week?,mood,Okay,,False,False,17,2026-06-24 21:37:51.995675+00,,048f9e71-f592-461f-9433-164dd7f00e90
The office 2,,5339cb45-f4c2-40ad-a641-c992c1dc4011,completed,False,2026-06-24 21:37:51.874+00,2026-06-24 21:45:55.802+00,2026-06-24 21:37:44.244+00,1,0,base,Got it. Is there anything that could make things better right now?,Got it. Is there anything that could make things better right now?,text,Knowing my job is safe would help. That meeting today made me kind of nervous. Other than that I'm fine.,,False,False,10,2026-06-24 21:38:02.106198+00,,048f9e71-f592-461f-9433-164dd7f00e90
The office 2,,5339cb45-f4c2-40ad-a641-c992c1dc4011,completed,False,2026-06-24 21:37:51.874+00,2026-06-24 21:45:55.802+00,2026-06-24 21:37:44.244+00,1,1,ai_followup,Got it. Is there anything that could make things better right now?,What was it about the meeting that got to you?,text,"They said they might close this branch. Like, our whole office. That's my job. I don't want to lose my job.",,False,False,50,2026-06-24 21:38:51.892383+00,"They said they might close this branch. Like, our whole office. That's my job. I don't want to lose my job.",048f9e71-f592-461f-9433-164dd7f00e90
The office 2,,5339cb45-f4c2-40ad-a641-c992c1dc4011,completed,False,2026-06-24 21:37:51.874+00,2026-06-24 21:45:55.802+00,2026-06-24 21:37:44.244+00,1,2,ai_followup,Got it. Is there anything that could make things better right now?,How long have you been at this branch?,text,"A few years. It's just where I work. I don't really think about it that much, but yeah, I'd like to keep it.",,False,False,49,2026-06-24 21:39:41.206056+00,,048f9e71-f592-461f-9433-164dd7f00e90
The office 2,,5339cb45-f4c2-40ad-a641-c992c1dc4011,completed,False,2026-06-24 21:37:51.874+00,2026-06-24 21:45:55.802+00,2026-06-24 21:37:44.244+00,1,3,ai_followup,Got it. Is there anything that could make things better right now?,"Makes sense. Setting that aside for now, what part of the job do you actually enjoy?",text,Lunch is pretty good. And I like that I know what I'm doing. The numbers make sense to me. It's not stressful. Usually.,,False,False,49,2026-06-24 21:40:30.564762+00,I like that I know what I'm doing. The numbers make sense to me. It's not stressful. Usually.,048f9e71-f592-461f-9433-164dd7f00e90
The office 2,,5339cb45-f4c2-40ad-a641-c992c1dc4011,completed,False,2026-06-24 21:37:51.874+00,2026-06-24 21:45:55.802+00,2026-06-24 21:37:44.244+00,3,1,ai_followup,Walk me through a piece of work from the last month that felt really yours.,What does a day look like when it's going well for you?,text,"Nobody bothering me too much, numbers balance out, good lunch. That's pretty much it. A quiet day is a good day.",,False,False,43,2026-06-24 21:41:14.70234+00,A quiet day is a good day.,048f9e71-f592-461f-9433-164dd7f00e90
The office 2,,5339cb45-f4c2-40ad-a641-c992c1dc4011,completed,False,2026-06-24 21:37:51.874+00,2026-06-24 21:45:55.802+00,2026-06-24 21:37:44.244+00,3,2,ai_followup,Walk me through a piece of work from the last month that felt really yours.,"The numbers making sense, is that something you learned on the job, or did you come in with that?",text,I studied accounting. I've always been good with numbers. It just clicks for me.,,False,False,48,2026-06-24 21:42:03.105897+00,,048f9e71-f592-461f-9433-164dd7f00e90
The office 2,,5339cb45-f4c2-40ad-a641-c992c1dc4011,completed,False,2026-06-24 21:37:51.874+00,2026-06-24 21:45:55.802+00,2026-06-24 21:37:44.244+00,3,3,ai_followup,Walk me through a piece of work from the last month that felt really yours.,Can you think of a day when that clicked especially well?,text,"Sometimes the quarterly reports just come together and everything balances on the first try. That feels good. Not complicated, just satisfying.",,False,False,43,2026-06-24 21:42:47.165662+00,"Sometimes the quarterly reports just come together and everything balances on the first try. That feels good. Not complicated, just satisfying.",048f9e71-f592-461f-9433-164dd7f00e90
The office 2,,5339cb45-f4c2-40ad-a641-c992c1dc4011,completed,False,2026-06-24 21:37:51.874+00,2026-06-24 21:45:55.802+00,2026-06-24 21:37:44.244+00,4,1,ai_followup,When was the last time your manager said or did something that genuinely helped?,"When something like that goes well, does your manager ever notice?",text,Not really. Michael doesn't really pay attention to that stuff. He's more of a big picture guy. Or at least that's what he'd say.,,False,False,46,2026-06-24 21:43:34.328554+00,,048f9e71-f592-461f-9433-164dd7f00e90
The office 2,,5339cb45-f4c2-40ad-a641-c992c1dc4011,completed,False,2026-06-24 21:37:51.874+00,2026-06-24 21:45:55.802+00,2026-06-24 21:37:44.244+00,4,2,ai_followup,When was the last time your manager said or did something that genuinely helped?,"What does he actually focus on, from where you sit?",text,"Honestly? Himself, mostly. He likes everyone to like him. He does a lot of talking and joking around. He means well I think but the actual work stuff kind of happens on its own.",,False,False,44,2026-06-24 21:44:18.634737+00,the actual work stuff kind of happens on its own.,048f9e71-f592-461f-9433-164dd7f00e90
The office 2,,5339cb45-f4c2-40ad-a641-c992c1dc4011,completed,False,2026-06-24 21:37:51.874+00,2026-06-24 21:45:55.802+00,2026-06-24 21:37:44.244+00,4,3,ai_followup,When was the last time your manager said or did something that genuinely helped?,Anything else on your mind that we didn't get to?,text,"Just the downsizing thing. That's the main thing. Other than that, no, I think I'm good.",,False,False,49,2026-06-24 21:45:08.278651+00,,048f9e71-f592-461f-9433-164dd7f00e90
The office 2,,3ff3b1c0-5ffa-4766-b078-eb59333b4f50,completed,False,2026-06-24 21:40:18.828+00,2026-06-24 21:48:57.043+00,2026-06-24 21:40:09.871+00,0,0,base,How's work been this week?,How's work been this week?,mood,Okay,,False,False,22,2026-06-24 21:40:18.962115+00,,225c261e-2274-439f-9990-ca07cf2a931b
The office 2,,3ff3b1c0-5ffa-4766-b078-eb59333b4f50,completed,False,2026-06-24 21:40:18.828+00,2026-06-24 21:48:57.043+00,2026-06-24 21:40:09.871+00,1,0,base,Got it. Is there anything that could make things better right now?,Got it. Is there anything that could make things better right now?,text,"Honestly? Just getting out on time would be enough. Nothing against the job, it is what it is.",,False,False,10,2026-06-24 21:40:29.362369+00,,225c261e-2274-439f-9990-ca07cf2a931b
The office 2,,3ff3b1c0-5ffa-4766-b078-eb59333b4f50,completed,False,2026-06-24 21:40:18.828+00,2026-06-24 21:48:57.043+00,2026-06-24 21:40:09.871+00,1,1,ai_followup,Got it. Is there anything that could make things better right now?,What's been keeping you there late?,text,"I'm not really the one staying late, that's more the office people. Warehouse has set hours. I just want to clock out and go.",,False,False,47,2026-06-24 21:41:16.663441+00,,225c261e-2274-439f-9990-ca07cf2a931b
The office 2,,3ff3b1c0-5ffa-4766-b078-eb59333b4f50,completed,False,2026-06-24 21:40:18.828+00,2026-06-24 21:48:57.043+00,2026-06-24 21:40:09.871+00,1,2,ai_followup,Got it. Is there anything that could make things better right now?,Do those hours usually work for you?,text,"Yeah, they work fine. I show up, do my thing, leave. No complaints on that front.",,False,False,50,2026-06-24 21:42:06.925701+00,,225c261e-2274-439f-9990-ca07cf2a931b
The office 2,,3ff3b1c0-5ffa-4766-b078-eb59333b4f50,completed,False,2026-06-24 21:40:18.828+00,2026-06-24 21:48:57.043+00,2026-06-24 21:40:09.871+00,1,3,ai_followup,Got it. Is there anything that could make things better right now?,Any part of the job you find yourself actually getting into?,text,"I don't mind the physical stuff. Moving stuff around, loading the trucks — it's straightforward work. I'm not exactly passionate about paper, but the job itself isn't bad.",,False,False,50,2026-06-24 21:42:57.733554+00,"Moving stuff around, loading the trucks — it's straightforward work.",225c261e-2274-439f-9990-ca07cf2a931b
The office 2,,3ff3b1c0-5ffa-4766-b078-eb59333b4f50,completed,False,2026-06-24 21:40:18.828+00,2026-06-24 21:48:57.043+00,2026-06-24 21:40:09.871+00,3,1,ai_followup,Walk me through a piece of work from the last month that felt really yours.,"When a shift goes well, what does that look like?",text,"When everything moves without a hitch — trucks get loaded, no mix-ups, nobody's in anyone's way. You get in, get it done, get out. That's a good day.",,False,False,44,2026-06-24 21:43:42.579333+00,"You get in, get it done, get out. That's a good day.",225c261e-2274-439f-9990-ca07cf2a931b
The office 2,,3ff3b1c0-5ffa-4766-b078-eb59333b4f50,completed,False,2026-06-24 21:40:18.828+00,2026-06-24 21:48:57.043+00,2026-06-24 21:40:09.871+00,3,2,ai_followup,Walk me through a piece of work from the last month that felt really yours.,What usually gets in the way of that?,text,"Last-minute changes, orders getting mixed up, that kind of thing. Sometimes decisions get made upstairs without thinking about how it hits us down in the warehouse.",,False,False,43,2026-06-24 21:44:25.882323+00,decisions get made upstairs without thinking about how it hits us down in the warehouse,225c261e-2274-439f-9990-ca07cf2a931b
The office 2,,3ff3b1c0-5ffa-4766-b078-eb59333b4f50,completed,False,2026-06-24 21:40:18.828+00,2026-06-24 21:48:57.043+00,2026-06-24 21:40:09.871+00,3,3,ai_followup,Walk me through a piece of work from the last month that felt really yours.,Has anyone down in the warehouse ever flagged that to the people upstairs?,text,"I mean, people grumble about it but nobody really goes and says something. That's just kind of how it is. You deal with it.",,False,False,49,2026-06-24 21:45:15.486029+00,,225c261e-2274-439f-9990-ca07cf2a931b
The office 2,,3ff3b1c0-5ffa-4766-b078-eb59333b4f50,completed,False,2026-06-24 21:40:18.828+00,2026-06-24 21:48:57.043+00,2026-06-24 21:40:09.871+00,4,1,ai_followup,When was the last time your manager said or did something that genuinely helped?,"Your direct supervisor, are they someone you'd go to if something was off?",text,"Yeah, I could go to my supervisor if it was actually something serious. But most of the time it's not worth making a whole thing out of it, you know?",,False,False,47,2026-06-24 21:46:03.566345+00,most of the time it's not worth making a whole thing out of it,225c261e-2274-439f-9990-ca07cf2a931b
The office 2,,3ff3b1c0-5ffa-4766-b078-eb59333b4f50,completed,False,2026-06-24 21:40:18.828+00,2026-06-24 21:48:57.043+00,2026-06-24 21:40:09.871+00,4,2,ai_followup,When was the last time your manager said or did something that genuinely helped?,What would it take for something to clear that bar?,text,"Safety stuff, or if it was messing with people's pay. That would get people talking. Otherwise you just adapt and move on.",,False,False,44,2026-06-24 21:46:47.969658+00,"Safety stuff, or if it was messing with people's pay. That would get people talking. Otherwise you just adapt and move on.",225c261e-2274-439f-9990-ca07cf2a931b
The office 2,,3ff3b1c0-5ffa-4766-b078-eb59333b4f50,completed,False,2026-06-24 21:40:18.828+00,2026-06-24 21:48:57.043+00,2026-06-24 21:40:09.871+00,4,3,ai_followup,When was the last time your manager said or did something that genuinely helped?,Anything else on your mind that we haven't touched on?,text,"Not really. It's a steady job, decent guys to work with. Nothing major.",,False,False,47,2026-06-24 21:47:35.197311+00,,225c261e-2274-439f-9990-ca07cf2a931b
The office 2,,4704d186-0e30-4dc3-b208-4bef9f15ba6b,completed,False,2026-06-24 21:44:48.054+00,2026-06-24 21:49:41.997+00,2026-06-24 21:44:37.149+00,0,0,base,How's work been this week?,How's work been this week?,mood,Good,,False,False,18,2026-06-24 21:44:48.22631+00,,0fe583ea-5ad0-41b0-a268-f94717e293c9
The office 2,,4704d186-0e30-4dc3-b208-4bef9f15ba6b,completed,False,2026-06-24 21:44:48.054+00,2026-06-24 21:49:41.997+00,2026-06-24 21:44:37.149+00,1,0,base,Got it. Is there anything that could make things better right now?,Got it. Is there anything that could make things better right now?,text,"Road life, baby. No cubicle, no Toby breathing down my neck, just me, the open road, and closing deals. Called Michael earlier and had him rolling. Guy's a legend.",,False,False,10,2026-06-24 21:44:58.501924+00,,0fe583ea-5ad0-41b0-a268-f94717e293c9
The office 2,,4704d186-0e30-4dc3-b208-4bef9f15ba6b,completed,False,2026-06-24 21:44:48.054+00,2026-06-24 21:49:41.997+00,2026-06-24 21:44:37.149+00,1,1,ai_followup,Got it. Is there anything that could make things better right now?,What made the call with Michael so good?,text,"Look, I've got material that would make a comedy writer cry. Mikey appreciates real humor, not that watered-down stuff HR approves. We go way back and the guy cracks up every time. That's what friends are for.",,False,False,22,2026-06-24 21:45:21.016114+00,,0fe583ea-5ad0-41b0-a268-f94717e293c9
The office 2,,4704d186-0e30-4dc3-b208-4bef9f15ba6b,completed,False,2026-06-24 21:44:48.054+00,2026-06-24 21:49:41.997+00,2026-06-24 21:44:37.149+00,1,2,ai_followup,Got it. Is there anything that could make things better right now?,How long have the two of you been in each other's orbit?,text,"Long enough that we've got years of inside jokes nobody else would survive. Mikey's been my guy since before Scranton. Some friendships just stick, you know?",,False,False,62,2026-06-24 21:46:23.305538+00,,0fe583ea-5ad0-41b0-a268-f94717e293c9
The office 2,,4704d186-0e30-4dc3-b208-4bef9f15ba6b,completed,False,2026-06-24 21:44:48.054+00,2026-06-24 21:49:41.997+00,2026-06-24 21:44:37.149+00,1,3,ai_followup,Got it. Is there anything that could make things better right now?,"That kind of bond is rare, does it follow you into work much?",text,"Oh yeah, absolutely. Mikey's my boss but he's also my boy. That's just how it works. Makes the job way more fun than it has any right to be.",,False,False,20,2026-06-24 21:46:43.72432+00,,0fe583ea-5ad0-41b0-a268-f94717e293c9
The office 2,,4704d186-0e30-4dc3-b208-4bef9f15ba6b,completed,False,2026-06-24 21:44:48.054+00,2026-06-24 21:49:41.997+00,2026-06-24 21:44:37.149+00,3,1,ai_followup,Walk me through a piece of work from the last month that felt really yours.,"Beyond the road and the relationships, what part of the work itself gets you going?",text,"Closing. That moment when you seal a deal — nothing beats it. Plus I'm out here meeting real people all day, not stuck staring at a partition. Office life would kill me.",,False,False,46,2026-06-24 21:47:32.054236+00,Closing. That moment when you seal a deal — nothing beats it.,0fe583ea-5ad0-41b0-a268-f94717e293c9
The office 2,,4704d186-0e30-4dc3-b208-4bef9f15ba6b,completed,False,2026-06-24 21:44:48.054+00,2026-06-24 21:49:41.997+00,2026-06-24 21:44:37.149+00,3,2,ai_followup,Walk me through a piece of work from the last month that felt really yours.,What's a close that's stuck with you?,text,"There was this guy up in Wilkes-Barre, total hardcase, said he didn't need paper. I spent three hours with him, bought him lunch, worked my magic, and walked out with a two-year contract. That's the Packman doing what the Packman does.",,False,False,19,2026-06-24 21:47:51.942623+00,That's the Packman doing what the Packman does.,0fe583ea-5ad0-41b0-a268-f94717e293c9
The office 2,,4704d186-0e30-4dc3-b208-4bef9f15ba6b,completed,False,2026-06-24 21:44:48.054+00,2026-06-24 21:49:41.997+00,2026-06-24 21:44:37.149+00,3,3,ai_followup,Walk me through a piece of work from the last month that felt really yours.,What were you reading in him that kept you at the table?,text,"Guys like that, the ""no"" is just them testing you. You fold, you lose. I could see he was interested — kept asking questions he didn't need to ask if he was really walking out. I just had to outlast him, and that's easy when you've been doing this as long as I have.",,False,False,24,2026-06-24 21:48:16.447324+00,"Guys like that, the ""no"" is just them testing you. You fold, you lose.",0fe583ea-5ad0-41b0-a268-f94717e293c9
The office 2,,4704d186-0e30-4dc3-b208-4bef9f15ba6b,completed,False,2026-06-24 21:44:48.054+00,2026-06-24 21:49:41.997+00,2026-06-24 21:44:37.149+00,4,1,ai_followup,When was the last time your manager said or did something that genuinely helped?,Does having him as your manager change how you handle the harder parts of the job?,text,"Ha, yeah it helps. I can call him up when something's a pain and he doesn't give me the corporate runaround. He's got my back and I've got his. Makes the whole job a lot smoother, I'll tell you that.",,False,False,23,2026-06-24 21:48:40.577513+00,He's got my back and I've got his. Makes the whole job a lot smoother.,0fe583ea-5ad0-41b0-a268-f94717e293c9
The office 2,,4704d186-0e30-4dc3-b208-4bef9f15ba6b,completed,False,2026-06-24 21:44:48.054+00,2026-06-24 21:49:41.997+00,2026-06-24 21:44:37.149+00,4,2,ai_followup,When was the last time your manager said or did something that genuinely helped?,"Last time you called him with a real problem, how did that play out?",text,"Honestly the call today wasn't even about a problem, I was just checking in and keeping his spirits up. That's half my job with Mikey. Guy needs to laugh. I'd say it went great — from my end at least.",,False,False,22,2026-06-24 21:49:03.103456+00,,0fe583ea-5ad0-41b0-a268-f94717e293c9
The office 2,,4704d186-0e30-4dc3-b208-4bef9f15ba6b,completed,False,2026-06-24 21:44:48.054+00,2026-06-24 21:49:41.997+00,2026-06-24 21:44:37.149+00,4,3,ai_followup,When was the last time your manager said or did something that genuinely helped?,Anything about the job you didn't get to say?,text,"Just that this gig is the best setup in the company. No HR hovering over my shoulder, no Toby giving me the sad eyes, no performance review from someone who couldn't sell water to a guy on fire. Just results. That's how it should be everywhere.",,False,False,22,2026-06-24 21:49:25.860928+00,Just results. That's how it should be everywhere.,0fe583ea-5ad0-41b0-a268-f94717e293c9
